"","taxon.name"
"1","51378aedd8faa2a513da486e2e461f92"
"2","f74de9b4e5a60e0fb592b0bba3a91186"
"3","735cfc95137379a0ef7b11cb0ac5518c"
"4","2f1851a6ec5cd3932a28eda4bfd54b84"
"5","9763e4893b3655e89eb8e09406c7d128"
"6","b1685f017bcb092879457d748e379477"
"7","b8456ea987bda8070fbe8e59fa427875"
"8","78898b385192ca820007ded0f31fd13c"
"9","2d275906cc6a58ac729acec7a9363e20"
"10","c29eeeca068fa4e52fa1e50e132181ea"
"11","029b1bceb2cbd626ac66cc126afdf81e"
"12","ef340f5bab9ca5c1c89801d172bd2d15"
"13","5e12ea35ea344572370486f3f815ed52"
"14","92669b3a348ca05d386268de88f0824a"
"15","553f1a0ad21a004eeea76bc795a3a356"
"16","a4a8855341451e4887738940f7498b9b"
"17","af8809a2b36a6c3f51e0025200787a7b"
"18","7cb8776f3a26505fb2c6802d8f285e6a"
"19","f7af5bfbb61d906f40253a8be67990de"
"20","f2b681fb578b3641e8479df8648e050e"
"21","49ecdb141000825f3894e53cb316326d"
"22","434aff4705ea0048f1b0fb23bfa8c1dd"
"23","c976733dbf54013621d6d10aec86a6d6"
"24","3fe5cac9026520b4f336ca4cea150069"
"25","b3e5680a645eaa312dcc49f7ec5f42a1"
"26","0f89700d048cd69298622510c1bdc445"
"27","04ab99ec6adb7550d2c0b0bee977d852"
"28","c4fc40b7f7e8a8b217b99a82d194963a"
"29","4f033d4168157314556b86fe7c2b7f37"
"30","5163701b20ca74512841df0eece7917a"
"31","13e545f71b1623c85219d354f5b127b4"
"32","653b9eb7456d9f20fb665e9633bd5fa5"
"33","43568e126b60062a85eaa40041077257"
"34","0c79c023b1296ccc576da056085578a6"
"35","b1cfef46dd3f550dbc8864a351c7a4e7"
"36","c09bdce5f08e0c84a9a2592e1ef9f1ac"
"37","b6b5a027d63a179e732eddabb9a8a096"
"38","a6adb0ed9c21976e3f4057b4b6e6020d"
"39","04ea9501854ef80bdf3a14ac88af6a39"
"40","0a991f62cd97f5754f40763d99547725"
"41","438547675b076cd2e34ce3d04da6b1bc"
"42","a342dad5ce48ca1c2c6895c158fa8845"
"43","9f4e2780e8d15ff94857bb9bd2c6cc05"
"44","b2baf3f60407fa5ec70ee8ac1955a642"
"45","a5223cd9c3307556d4066188702196e3"
"46","f35e2e99793c9e5195d7d3bc7c8529d1"
"47","5d7030ce5e0ff1b0e38ebd59b8de33f6"
"48","54f7bc12bf6db812de497a5d96cc257b"
"49","08b4c550d28d0abef618af57b7ed0e3c"
"50","a578b1e2dd014e53ddd1deae4d7bd17a"
"51","0eab39187e74a7ec3c3b0743246c48f1"
"52","56f578ebeb6e239d2c1e4274ade1b1b2"
"53","99a187b0b964f12d55392da0beaaf0d4"
"54","79859d8c9a327590261645174da55376"
"55","3d9c989c6128d5fbf73c8e8341e88577"
"56","f160d6ccac0bfa3ed83edaa4bcfc5383"
"57","7d6c3b86274e101d1f3fd37312cd256b"
"58","f6a2799aa0679838c4ddd74ec8281e4c"
"59","07a685e04630fd853dff412d6932e3b4"
"60","8df5e6bd8bb9cc9fb2964407e50ddd01"
"61","e5714855b3f221449d2a642c5c2c8e43"
"62","2e1b11fbcd3bec1a1c94757b8b967b10"
"63","b2466b9018874fadc0d5100857db72d5"
"64","78e577de78a13022e20f3f59d17978ed"
"65","164d00664a1eb7064f29ac650ad775d3"
"66","df2971f9e8dc84651cab1e2c51d6b668"
"67","e524a2803e0f4dc0e6cb74c05f53b436"
"68","96c750e3faf2fe950d039ac27267d4df"
"69","7d2437501764439fc7e60699fe498eb2"
"70","074b0376b3b9c794c9ff8f957cf00b5e"
"71","f6e46c79514971c1a3ef6e9ce90fa970"
"72","d12572714494b3ff62b5a33c5d3390f5"
"73","542d59df0746d80b068b0e1af2a8a8bc"
"74","94e521a95ac9790547814d1fc7549a29"
"75","87ee615e859b9bd4f77685a24721883e"
"76","739405edbf8dd0e855bdf4bf04f13111"
"77","347a1c33d349289a9329dae8fc448498"
"78","4741d7e72472c5b94802c9c0970d556f"
"79","e62d937520b7d6697002af9a8fe474a5"
"80","c1370ee9cfd8fd27b1b8b0f839723a50"
"81","8e5948d5b1e9a0945eedf67796f7221c"
"82","42254f1e5e138bcc13d56db4affd6209"
"83","eb9162f567d2c77d60ecaf1ed02f3a9d"
"84","53694a260f7877938d576aae3900261f"
"85","87db53aa5fa6453b7e675f09714efddf"
"86","807e50e0883f6326ec862c41b53c3af0"
"87","036eed101e5dc69af61552bf4f3dd852"
"88","89b6356fef7e8ea097cb230dc0f96aa2"
"89","de2f333e87fc81fa85fb2c67683e0743"
"90","05193c1937086ee98fac1ebcb9aeee9b"
"91","404e7428d5ce92db1ae390000748643c"
"92","922c973c1f49b1bd133282dd83150658"
"93","c3ae3e8219e00233327c580f4c76c86f"
"94","a3a75e992b581ce4973b3e7c9f33cb95"
"95","549a3eee7f4aae41a84f84bc0fb584aa"
"96","c7dc1f26a01e6323fcba2183fbe7a32b"
"97","f6ab39bd5162cc2b286bc5ff09d8371a"
"98","d8a73f7a2403995d2ed48045a80b2fad"
"99","3b606d524e81d151c3a3bf4ba445448c"
"100","a568c5dddd429f52d4a75d959a9854c3"
"101","f919b9d58e8be46dc4415db3ae63cfe5"
"102","f9cbe0790e0c90f41916eb29effbd660"
"103","09e13bccc886a15c8e437e09ace42334"
"104","aa6245bd66154a386f96a869f0797c0a"
"105","f3fbeb045c5c8e1204b1933f10b6a070"
"106","18dc7607f472f3a545ed0e78cb22c338"
"107","d7c079e5fd5148ce8de66320e1a9571a"
"108","b25e2f5621ecaf8c01e6976d8cdc9030"
"109","1960cef0201f63867b3741ec8339a5df"
"110","7108139f15f5c575dd6b597aca78f03c"
"111","582fe19be53a2ac5891e6a05ed63c4c4"
"112","423b79ab5e3cab5fc5c5cd5b18e6df0c"
"113","3110f5695d8477df0bfa44f35baeb660"
"114","a59c91d23700cb0e80cf311dbbdd29c5"
"115","f601f11c4da12bbf2d42330ff6d65397"
"116","0fd47ad20f5807719cd37adf257e8c59"
"117","8c9bae0ededb261d7aeb1eabd3bae5c7"
"118","3152546093f4b7fea9919650ed2f1c8f"
"119","7d823c202582557f650d317629b962a4"
"120","860227a0daf0116c8dbeb0a2ef5fd63c"
"121","af79315e37e036f29991164b757bfb3a"
"122","d94e8566884a2b24b07823e571ed25df"
"123","da22041808b8bbf1ee0b83a09257ccab"
"124","3f845b71c3e919e8135612754a70c80a"
"125","a8a3f6c04385286f38ce65858993a500"
"126","302092e05a8214961248e6f31cdfc5f6"
"127","717602ce8b013d3632137cb330797e8c"
"128","40e4965c3351798595d2cfa40bdc1b1b"
"129","70762ef68c759812eb1fc4abf2dfc637"
"130","b78a1c41d62dcfa03ae01beedba276dd"
"131","9dad527f39415e8920ded8ef1a42ab4c"
"132","2c72ba86d72ae04f95e8237e59a71c0e"
"133","96a98d0790a5d6e05850717bce21deec"
"134","551cba355f6c98f9bb2857652215e733"
"135","415ac186a94a1abac0b800c5c2cb6625"
"136","97b3695af363206f7c4731a3618e4d11"
"137","33d84892cd1154a4b4167075caa550be"
"138","3752c3309028d0b46a84487d8a41bdbf"
"139","76d7305b8bb2bd718cb9cd22989a0513"
"140","e1d02ef1a2b6d2752ea2f308c9f21551"
"141","edcd9013d7d454ee1d96e8786ce70850"
"142","b70a6fb445d9e6015c3193d47d270e24"
"143","f74ebe92f3d530c7505e6f0804309dcf"
"144","d3e3de30cbdbbf62cc90b786aa91cdc1"
"145","6d8330007f3b91889efcad1204654040"
"146","9067489f29888dfe3f2cc22c5cf6f5ae"
"147","d83e7f6942bb3f5182ceaed5af198769"
"148","bac37df353d260f03fdc05a9d6f57582"
"149","5770952e4eaf2aba95993d6a8465eba1"
"150","238f8908dd6ba5e1b18252d272697262"
"151","d998bceb66bce0f1be305dc5e13acce7"
"152","785f52248e6b250597a5393bf1db1c30"
"153","5da07d48b1fdf1884ffdaf73db357725"
"154","9d9dc878ecdeb8c2bfb0410938ae249e"
"155","45abed91bc8da0f7e9ffaf9af1143da0"
"156","2fd8b2b35947f27d97fe00deff53e247"
"157","816c35b130816ba591571c0928032ccf"
"158","b6281952db3dd69764ceec4dead819cf"
"159","00494ba38cd7809a824089cf7225280f"
"160","1d346dd3622e4e722e611e97cdf87d7c"
"161","8543fd40c53a219df634e5e6bb42933b"
"162","278c144a0358db67099dc297f630ad81"
"163","8fd0291bff27f3c5725410cdbd1c8538"
"164","4700026a5e3aacda1ba871efe5cb989d"
"165","bb6523ca65de21bcfb861c1a8e313444"
"166","598fe9c6d90d53e37c03e062fbbcc034"
"167","6b50afb2f1f1fa032247b9afad6aa176"
"168","d617e5db15f5ae113103671058a9d905"
"169","4929774bfd8c0538d2f74c867bcd17ef"
"170","ea2aeeb7bf5ea27679aa9a367a09da54"
"171","bf68925e3e098b905cf8cc1fa153b128"
"172","cdb253fceea19e2e0b5ace928d9e8780"
"173","b3ecaafbe39c11368c7131a8a55d5687"
"174","cec8df2a0d4f6249c84a779258bb6903"
"175","29df07f78f487a89064df3709d1f9a9c"
"176","6b9627943392db721a9480c9fb14a84f"
"177","dd9520594376e51513c9fbfbbdfbb4ce"
"178","4d05d0df22119dd6bf9aaff9260fc6a7"
"179","45f2b084df9306c1ba8a69beb00ca65b"
"180","71561fe0eb753896ef2c26d7941779fb"
"181","21acf901160efb030cbab2c0be4944e7"
"182","dc3a0a4c399837bb4135c9c33abae0ee"
"183","0fc190770a12de823947b91141746b4b"
"184","27d54cb5f51668da614ff2736d7f479a"
"185","6805641cc2bd219102c8c8e89cc2ed96"
"186","299349424000e75daa7f5366a51536a1"
"187","664e0cf3cb11404663a3dff13684bc49"
"188","6415485021a004ea128acc4210aceded"
"189","15b4705fdc1150a7aeb49e4088955e29"
"190","2442abc94a6a7279f1e860c82d98e308"
"191","8492fbf3b40bf2d52dccc603f0499e31"
"192","0c4c04cfe138f53bb2e0183a3497931c"
"193","ddc4fa398a2aaa35c183a5ad8c282cc6"
"194","7d0070c0c2343cf51a5bf36fac32fc40"
"195","a6cd02edb192e785744e6e3adba5d6d4"
"196","934984dfbd83619880d879fdc481f19c"
"197","0bb69cba7a52b539d3fc5df4bf917f29"
"198","2bbced883fb2c006dec10501e5654f55"
"199","32213a7a7e6fc42ef824b06f5da71365"
"200","75dce31aefb89965a4775d601b56a88f"
"201","07d2eeee2a2e2e7ce85e95148e03eb7c"
"202","46f1d7f11092af605af1d9ab2ac7cb60"
"203","c789a7f008c08da3dcf56a2b2bab10d4"
"204","6a33c21d35a8c4f1cf2b6cde569f0729"
"205","b74dc8be4583586a0d711cebaa0de30f"
"206","0b851a08e0dd4c07a9d7adfb3b331167"
"207","5316a7e4d5acde97ea82d0c425abce25"
"208","3ad2e8e139a0332be16f55d9fa4af662"
"209","0c876c947a28ba7456c06e58e7cef24f"
"210","e5b1572b6081fb1a931040c6f464030e"
"211","9106ebf2c958a1cec880ef5e5dff6df6"
"212","99267d201cf8077ac49ac0a2ef29a138"
"213","779bae19c45750df07ef1bf8f7be16e3"
"214","4322ba0ad7b0cb32b7592c5e049ec4d3"
"215","8edc76b89cff7ff21533242f1911f3e3"
"216","d55d9c3c32038f582610fcbbcf8291c3"
"217","e9c66f9cdbae34e24579319a1bc5c624"
"218","5fc89a7d40a67a9db1451fcf627721c5"
"219","e2d253f5e14ed436655c434e252d3c7f"
"220","ad85477399da8a1dc22965f8e05ea455"
"221","69929947aa1d71d0e995abe9db894217"
"222","4dad82e2cd49a278165754eae3a4535a"
"223","ff3979b78705623ba52aff6168e3cda7"
"224","9b432599c495fdc98dfb96cc7078f49f"
"225","69e575530a2fe7543e4b2253d3a7ed42"
"226","da41cf6320000b422e3f8dc3c03adf86"
"227","c78393ff474cf35b1088fc198eda5564"
"228","195d1de2d67d81cf8461758ac2d6c7e3"
"229","a9b058582abb62248f882b9df9d2612a"
"230","937cd74f4ba830fd4fb8bcbbfddd5456"
"231","916bb02f516658d65f55f93630f2db23"
"232","2eef3babc56a40c1a63240c24e3474f0"
"233","2fc7518f36209b813e123b1a7ef0b296"
"234","d621217e7543ba8e84a70145268b1041"
"235","4e68882d24078294922d213d8af22ce2"
"236","e511aad29f3e17c3fcc28c44e8127c3a"
"237","e551980e16c12c2f684af3f40e08e32b"
"238","90fb9f1349c94a34c06dd8f89a5aa3a3"
"239","fc82fcc9d39f665f4156e53b2953aa70"
"240","13c5fe9205dc6b80fa98fed9f3220e61"
"241","69ed7125878804e1aa0a717e37cbfac6"
"242","df395672d7fbc0d6227d220dacdd6702"
"243","4d6b26dcc1e78254e61c89c204d8edc3"
"244","16e14f5ec0decadf1a6d4186239ab49c"
"245","9b2ca4fdd5d09c3bb2ca5dfaf40941aa"
"246","49d76ce95d1525a4e267b6b3d412efd8"
"247","89140b737b6f7faac4fa5edc4c384311"
"248","1058c1acbe5b5d34f335f6a537d93a65"
"249","350336b5bc0af91f529cf9cd3670e417"
"250","7afd5ef9a35fe0a1efbe599e62cf8252"
"251","0a7981bd5446129ca7229007de2a5d18"
"252","d3ffc6c4d614a8306247839a8553cccc"
"253","09c0bbc319f50e5743021a49a8945a05"
"254","d4c65a8c26c7cfa5378f73ba95659653"
"255","40e42d5965948aa5f4f8aec8cf73b17d"
"256","a5af442b3dcfc952036b53c6b4a5e491"
"257","a6f068ebf580e39f690772739931c177"
"258","f66b0394950629bcd1a96204a5c1ead4"
"259","fbdaa5f247ca72c06d48cfb20128b37d"
"260","0c4a4fac0564a519bf25daa2d8a72ef3"
"261","30e95f25237c485af7162494a282297c"
"262","7dc32a1082dbc7703602c80243687ec9"
"263","4cd2a009b421f311bc6027dc2e4ece2e"
"264","fa636184dbb0c903821bfb02cd7c5ba9"
"265","b909cab94feb26cdc560539f8c652bae"
"266","6c0d36a8ca76d64579f4813529ae86fa"
"267","16bb5609ee776ed45768b3e3f1fbf9f0"
"268","a9be954126b0ac620e5084c08f9dd134"
"269","94bc85adfdb9d9037be025c3d0c8a4c2"
"270","77d9c1a1e7122847f0a21e15fe7d22a3"
"271","bd326226736fa5f0d8b2abcf30008126"
"272","73d447ba6dd46859eed0e84f366c4d79"
"273","b614e9cdb71f3f0dce5a737337cadaa9"
"274","48d2e2d7b3331641d030335ff271ba27"
"275","612e845dc7b7865ac8795a73dac9b6fa"
"276","8df3c1bee01fe45a85f4f9c47d81cdbd"
"277","24e7df88ac3a0dc4434985f193a518bd"
"278","76932e9c77ec35b0a1607e65cf590b7b"
"279","f1765db8ae061861d78fd29a123ec0db"
"280","4fb791dd101d3a171fca2b9c28ebe7eb"
"281","2b14465dfd1ba9a1d6ba5a4bf1dc2a93"
"282","0c7a458c0902d9e61c540b0a305da982"
"283","8fb5f8bd1a7e305829697d2160ad5dde"
"284","596597ed7d356125df02d375ba336eb2"
"285","3375b9ca315d02b2ba97f88c46174fae"
"286","1b5d6b28440486a053ffaaea0895a5b8"
"287","cc335c16c0f4eadbe4b16561092b9f5f"
"288","b55620b8011e809e65c231cb11e12c92"
"289","7e1ad6f3fffcf46621601bf4dbacfc31"
"290","718dc794d8982288f2c37adedd93b4f9"
"291","b1c6887290cc4820b6f727b49f1cc357"
"292","0f2899bd92b8c0350afa98e6a929d6d6"
"293","a9e4b89b995a7d0a3389f42c8875c7f4"
"294","e9228aa2bd7a0bd45362b1c33b0576a1"
"295","2ccb4821d33c56599890f6d409334e90"
"296","a8c145ee6f791b6c21b36c14462e1434"
"297","8f90249e6ef8ead4bf067a72e39040bb"
"298","816dac2303235b2fe1427f621dc28467"
"299","dd31d0c6a9a66b4d275d785038693b45"
"300","515a4d6fec1c18c468ded370676af875"
"301","c6db17777bae6a5fbf3ac64a53eec518"
"302","de04e8aa0e5cb1133ab17c233e7debd4"
"303","f9169f0dc7a304ab9058af330cb268f7"
"304","6bc818e03e3c0e61643fc51ca4e13e6f"
"305","7da4dcbd7f7df714a0461ff52ee2aa22"
"306","dbf95a5899686377ac091013951560b1"
"307","40327f7707c5698c23bef61536bea421"
"308","f56380a9b646e7d9379b145e32acf09c"
"309","38b76ac0448911a32154e5bae045f61d"
"310","74d556edb7ab172376a4da02785f50ec"
"311","7dc6c0624176ec7f791bff1644c08cc1"
"312","38fe00886aabc0439822af7f58b45471"
"313","fe0036e710d8e8173cb5c5878f5512dc"
"314","303e9fbb18d50b7eda45f299be01b0e0"
"315","d6aa022fd5356d42c90e8753d58e302d"
"316","726cba48518fe3d75e8ae6cd09aab0da"
"317","d8317637dc647ca2278ea88f65be60b9"
"318","1f66202831ad2f07596c76d32f247fb2"
"319","1aa9052a4d5ff1254e6a867b6fa7a7c7"
"320","caa03abb6bc89a0f0a004b372bd01b77"
"321","d0244d0131eb98f34d196bb65ca57c18"
"322","083ce662cca43865c62a32178e70acd4"
"323","f5100a7b5c838c678bce0c14fdafa019"
"324","91c6e7a2e1893050624fac471b06b072"
"325","390cf3c4f3debeb4f673971315e47ba0"
"326","d972b5fa3fc77aa2ac60731e47c6dbad"
"327","3c32d521f57d3795cf2f0f255c6eac37"
"328","103af2c03d1eb55619985dd60a371c30"
"329","81b537f0dd91fddb6f306e4a17a9fff2"
"330","78803afbdbe34e6fb3d8e2141ee52c4a"
"331","71023523eb491deeed9cf66340b60e9a"
"332","ab6ebe95f7244627615f6e0ddbfb4983"
"333","6377781f6ecf29754183a907fb3210e0"
"334","3e9324476f6e1763c75d212fbc74ca2b"
"335","3bcb7b9ff2ca44b7868fe7d0104f39d0"
"336","8ace5d0a65371b1573f6896d40bbb2a8"
"337","c669a8f218008a3e8cf4fa564046b0fd"
"338","17b37e0bc30d3b3415fc83b410385cb1"
"339","3e9e834c7d993063752838747bd00d0c"
"340","ce425d33ac7df850babd3f081f1a606c"
"341","513f497c7799c3cfcd708f7d76f83b2a"
"342","39054f150642e532524f8560f7484b08"
"343","3d40d171f201443f014d110b8abb731d"
"344","7a50151daf55420dbfc7502e4bc98788"
"345","936dcce9323543c8aa877afea3426c8a"
"346","0148dcf93e9e549fecb883df7055f288"
"347","5500c7ac19529edd786439916cb0cdfd"
"348","2f00f50bb423b20e1705e72a3b790110"
"349","3a28671bcf99deeac557f58df601e367"
"350","957ef9f7118812ac743acaa351bf156f"
"351","69c9255ff17432f373a70c1521afe154"
"352","bb9b00fb3b2741862d6ddc6353e991e5"
"353","c955bbfdae0dea47d089ee897745f29e"
"354","5cc72caa79730047dfe2c0364321939c"
"355","683d811d2ad9f53439b275c772c4b3d8"
"356","83b5733e3266b043a3001bbd8a3af32a"
"357","416d3027428937f5eea46f8c16a9056c"
"358","a311f29ec55d058e47a722e68b19b102"
"359","6f54c22fe1e60bea11c37706d31ed0e9"
"360","3784c0b8e7a33e08703c86085cf130ea"
"361","d315859aa4e58c35a34e91c9f9790bde"
"362","f7f4954d8681fe1238620318df828581"
"363","f77f4e5668c856c47a611b0a1be57498"
"364","d650c9aa2fcb7f49e27ec8c738fdeb3e"
"365","15c341c5ef213ab478a595a00cb34ebb"
"366","da7aed0193b995bb42b1fd4e66a1db29"
"367","6a6d7717a05e0af3eba531d12fc6f73e"
"368","8d908d1e54b818109cf734a285618f69"
"369","0a2dbd6571ef6f9337400443581286ee"
"370","1f40837dd2851d31779954a4c637dba9"
"371","c2ad2ac12ccac7d457997f3699b6032c"
"372","9929ddfee73699d8558259d592b844ef"
"373","080b4d814f884d9ae72a28544b008a02"
"374","d681be2e56650c2f1cc32a3a8c70d5f7"
"375","3f5d1a09fa28e5e1085ea8706ac5688b"
"376","d5d5ce1e19e9f6dc0587e7852caa9e1d"
"377","cdb19ed9df811c306842ea5b4be20c7b"
"378","efa208362b5409d3b16054a6dd268132"
"379","5a558a9f727c873ebdb82389886ded9b"
"380","0c61c69c7367115b0525a8ab82f458c6"
"381","f3002d1dbae0ee79f24cc037d4a334b1"
"382","6f4d5dc20d20c3952e22bffd91e0ddc0"
"383","4c1ff9a2e3d39a4290eb8ab19a3f88fd"
"384","19f63669c1ed3881736d85be06ae0f5b"
"385","ed75271047c64c4b4adcc95b2873175f"
"386","d670e95869539091baf5973594e7a599"
"387","20443dc071b78b2ecea4abcf5122d08e"
"388","0ab17d60a998ea2fc8391cdb8569d088"
"389","27fa6093587768cf3b76d05a51662b18"
"390","234245bf008073cefadb67aba80f0bc2"
"391","1ffce36f1b00a1392d563f5fb6bac7a7"
"392","536c1393d12b9c2fee1a1b1ecab47ee4"
"393","07454a085961088f0a757952c8ea5a1c"
"394","9bb2ad51b6de1dab076b93293af8f6ac"
"395","3230a61fcbcf36c7b68b0ac074ee7553"
"396","d5e369925d09bb323ca4ac74a0703a50"
"397","346c17cca1e2d5bd886146f4abecd4cd"
"398","fee1c3104cb0e7e7caccecca709f3a7b"
"399","978fe78706f0fcae78c16a28e5b08565"
"400","eaf2c65b9039f2d4c29adefca81f1e53"
"401","6b19d6a66fd0f5f801f3b6cdba6c7ea5"
"402","969ba75aee53b30a226b0356922caaf1"
"403","efc4db090ddff32aa6a59cfb29a22fc0"
"404","a4481c7dd5b3b8ebe4df842dfd082c7b"
"405","347abc7251d94f2af2f03ae3ba67b16a"
"406","bbde3f5b07cd628cf5fc872526d79ee3"
"407","9bf83264a70edad0ffbaa962ae936857"
"408","108c9fcb17e36205a20b9fc9de7a7b0e"
"409","9370840ce325cabbde13a6f812e14be1"
"410","4d825a18da84dc3249be8b61834800be"
"411","ccb5bc6874702584f6e97ba8567ef486"
"412","37446d5101df487b110d8ff48b9f303f"
"413","571904f02f05bbd26b854bf2f3b470e2"
"414","55fbd6aeb6912b29e31379c264e2ba4e"
"415","6f6f67f9c1422ace4294af1ec76745d5"
"416","87a2d4f4ca64726beef3c7d5299e6774"
"417","539c393f4c34134d0b1f9da62fe2e35e"
"418","a6e3bc68e01d6d208a179aa1a63fb4ff"
"419","2774f28e9f6f8c5b36cee85f084a546a"
"420","81805d91de9f5e037b093097dbc60866"
"421","ba6321b8970dacc2489edb9485b0f68a"
"422","b06abb91bc46762158c9b35c0d7e1074"
"423","f5192f0818e19e0cd90ed492382d4d69"
"424","6e4af620fb65eb9a77e978731fc2dcaf"
"425","f50ceb5a96931941549d69c1af998ef3"
"426","c5c5e9530d730103432b9364d90d1e50"
"427","9a207110dccd9ee158e23efe9823cfe0"
"428","bc9fa5f25bee9022d4f079a72344c33b"
"429","e51cdbdd4331c6d3bae80cf6cbf79230"
"430","20cd165e6acee93f90f6bd3e3bf98b2a"
"431","d1b717503ef1e77e1fd4d9292dc192a7"
"432","6f2fae23a0b062a22df8d6cd52b98748"
"433","bea5e69068adfff8b61d310ec396fe57"
"434","d787022a2cad3d1373d55457866d3bea"
"435","83d78e624fd6493a6c43322cccf491b5"
"436","0860edf2c9be604ecbcadd301c891fb1"
"437","13bf5be251bbd337d3dc7607234cc09e"
"438","ecef9ceb88979a7dd24c9b1b343eab75"
"439","680db01332c5dda78aef8da30b7a5dae"
"440","a6589accf7a3d74129090849a2c8e37c"
"441","62263d52807c370d6766eba8dd67dade"
"442","223f05287ed940ec5974aa1f8b8e022d"
"443","2aac9d699fd68c63511ee295b5310dbb"
"444","a61fabdfa5956142f2298b208d74a6a3"
"445","6d1dac56bbe47231c67277f544da17ff"
"446","963a1c2f07f3c668659ab35a758d271b"
"447","dffb35fda0f50e105715670abd1de8b1"
"448","210c21b3f89bd62bdda82732f614a5b8"
"449","9b9e72f13824141a928736f394f281ca"
"450","53424aca04f14c419bd58f26e0a82557"
"451","db4f93a6b38afb46812442adc0e83cd9"
"452","1252622faca05829d68e975430a48670"
"453","73ae7631cffc548742f3cd580583a2f8"
"454","714990b1fdbe1d171b612aa051f395bc"
"455","8cef6ea56d4d213c50fc9ccb66cc0455"
"456","60ec66e97832be275b0fcfc0f0258d62"
"457","118c27cdbe0e0ff085dab245d3a274ce"
"458","be72d0e78d693de2ba98b9ed00ebc19a"
"459","f2b52d7835bb662434cabf1152cf6433"
"460","df1517ecefb59a46bcfa51954192734f"
"461","ed166a0b1b3c4167b993ac5ea7435c0f"
"462","cbfd5bf4467cd183b518f037c72542b7"
"463","0ef9dff1ac82ecab88ed03f2f12882c6"
"464","9d7fb4d3d48e25ee71685ef481802040"
"465","637d2fdad4020a75d8aeb097cef5bcd7"
"466","645a9c6e9235bf9c527c0e5b7a146a68"
"467","769e5a3c19b25c3b3908b8719f7926d7"
"468","2c55b91f52ed2ac9aa9b27798df2e187"
"469","afc40dd692583629ff6f77984ec032be"
"470","16f5f2c53d4a1e36b3a7eb7d857c6afb"
"471","fad88e77d1d4032be6ce5ec7f371f697"
"472","2bdd95aa3ebf3edf8e981d08eaf3f0e8"
"473","2559b0367d5c3c438a0186fe60d95fce"
"474","37a72379ef417ce575e969109233f1f3"
"475","ffebf46636a33b51bfbb6d06109186db"
"476","cb8b07968adcf9e35dde53e06405e4d9"
"477","cc6055f545acf9dc56cb5dce3fcb9b09"
"478","653e58a1386583bfc4e38567ef432546"
"479","f9fc920e73de87fe3a10b709c134ffe9"
"480","ca74d5e990edafbad743a8f6d4b6da6b"
"481","5e4635eaf091f827f8e9f7e297720c2c"
"482","89fd4c584e78fb44de85a59431e0b4b3"
"483","46a0c0dcfadcaa850afcea769d690264"
"484","c72da24ce1033f7d2056a6781d37ce08"
"485","c27d6440abdf69942c41499d5d5bcd1c"
"486","9ca9d4d5b9130a7c80a98c060c01e1ce"
"487","e32929f5ce9024145c4d2853c84d4db0"
"488","813883415716d9d5c1db296b3fe3d73f"
"489","871d6ded305a7ca740dd059dbc4f69c8"
"490","a58fa348aeb4cd202b97c5b74ff2d7b3"
"491","34052732ca45767bce69bf0b513972f3"
"492","d1e14e834114d364e8674550bf00fb93"
"493","791a488a2c53cf2da8e0e3995bfda79a"
"494","928c2d710760b7e2c808e626f995b183"
"495","386b5b5a4d67197e02c75674f9d05fbb"
"496","33b0a2b667628c845611b0d625e45daf"
"497","18dafe6b615175f905ed33a6644266b6"
"498","8872467da99390f42281c300530c8009"
"499","27f006aa2ea2a254262e564fd1dae013"
"500","ac662482e871ed040ba68566fe38c166"
"501","18020261e20b5434272cfc39096ff7f3"
"502","52fa72bbf96ea46817ab4a1c0aef3985"
"503","cc2283cdee6f84167b338fc73e877c60"
"504","d0cd7c5e4f0b9bf79735c7a36c8c26b7"
"505","621d8c23c82708c5818b71cb7a56b649"
"506","036b15035a1064e420e37642b2c99a83"
"507","d6ae13ec00b3ab1af4d176f4d6532002"
"508","c4794f88db0d10029cbd45d703b0880f"
"509","b4a4fe7dcb0cbd886d9d3a7b49da961a"
"510","f82bb9109cb95d7339bab1d44a325427"
"511","dda2ac6f6a788292975a3d45b6d3d6fe"
"512","3e393a0859d6e9ac8e59e0d63518469e"
"513","fb357ec26b7726eebccd9bb06af4c29a"
"514","7336d124d896dcb26f1e89918e5cc9a6"
"515","bc050f83bbb9935ddd5de7235fe4ed73"
"516","efdc55285e3dc407c935c681ae46b9d3"
"517","f05a97ed5293884a0b145dc9d2f74496"
"518","9a01d58b9e2268ecc47d4e10da662aed"
"519","6f335941f60f4e634125cf067769c7ec"
"520","847087fa2926492f8468312a5719b75b"
"521","d4c34e09a6f07aab56df0b14b12eb38b"
"522","f6a404953d877b34c68cd057d83cb24c"
"523","214b13bcd71163380bb23ced2cfe9006"
"524","8e1d21ed9a2ce072fe7e93d1568ec7b1"
"525","6b57eb66fbf2b0a3bab8f15c58cac2d0"
"526","76c9413a01bba308b2ec1ed0fe5f3393"
"527","5d38fb17cdbdf7b6656c48f60fa08280"
"528","848ca08236633fe0f6704468b88cc6a7"
"529","5d9d31bc8772f8e0fb6082d1d6b92143"
"530","fc49e0e1b7780000946cbf212325871d"
"531","bf88e5f29feec508b8c3ec6091621c04"
"532","d3c118d48eab7b322a75018ec765e3b9"
"533","daadd3c3d86d3e2dc1e050b0f612c211"
"534","0b0299f0941947e03f44438cba4ff5e9"
"535","38d040f855473a344f5b1ef380b72eff"
"536","2997aae4bd8f7cd18d26533d65e28931"
"537","40137413a3da37485860cf5706282257"
"538","e29bedd652670489ad603159bff4714a"
"539","045137693c8d3038aa62c341f86a549d"
"540","153fa3f714173dd7d3020f20cc6a0b35"
"541","689dd42ee8dd78abad583f3ec59d815f"
"542","7826b419f2d186a9d10989d2b5992baa"
"543","4a5a752a22320954b9f77fec3c5c96cd"
"544","ec182b269263b8561a3d5c485469fe22"
"545","5df989aed02cecc90d1507f9bcece045"
"546","ef396af3d7c55867287a54acee83aef9"
"547","c598afdcb9c512ca347490ab409cf6f2"
"548","c237d7bd7d1d3fc296c17c961edbb99c"
"549","14beb26f107aa6b1daf6210663036047"
"550","ec5984de9c2dc192d69074c16f89c4f6"
"551","04f542a0e18a5c5366e5204cab69c25d"
"552","9e2c3026326e48b796df987cae67f9f9"
"553","64c3813c8831c4138a057c7a8f7c5ea5"
"554","6105954d6211928f807679c73c28268a"
"555","0523e453e9786d123c4b243305439e44"
"556","33c56742c6a56d2f529d2ab28df57f31"
"557","95990482cb6023f283e3dcc925af5187"
"558","b0f577892b02acc68d633c50158e1c2b"
"559","11023fe7cbb3b38b9b3418fcd044e543"
"560","13e9111ad5d33a116035dda343a860a9"
"561","c11e023a71840f74b3a49d91512cdf20"
"562","56202e38db20d0656727471e167faa82"
"563","a0622952e32ef58fb7ada3445cc86cdb"
"564","d1134ef85359521036391a81e6b28cf0"
"565","8a44b2ac791a75057cd0b48be60d5ca1"
"566","ad0bdb22a51c1ee4db9a36f7b948e6c6"
"567","11c92e1b6c638e7328dc054a5d17fc95"
"568","30cd5b43d208337e1b1b00f2d89f5873"
"569","39d2076e2019cf1ec5f630ec5b57f300"
"570","930e79832e5858368d2fce62ba8b0554"
"571","6f40c14c231572776e5305dc2837fcc0"
"572","64e1a7699b75c64984d7c7c63495b776"
"573","35c0ff68d108b3a1bf4f34924f6e2402"
"574","f5cb5a6948a9abc21adc7b2a84ce9138"
"575","758b1c9910dda21fef19f757daec53f3"
"576","d75afaf038818f1a3e4a2175ba82f3c6"
"577","0b283c987e8966b2b8a03f3dad3037e1"
"578","7c30f7e4032a32f6ca9ab66cfda23c88"
"579","8fb48bd0ec9953f58751ad084d9e4bed"
"580","22067fc6069009b4607c0c3ce9c74a79"
"581","46d5c7c47d4e8d5b2fe990030b707950"
"582","68c9f3fc89c1989146b2a6878f589504"
"583","5cdc9abed2bf1f5d7bb1eb433f9ce1af"
"584","2a2a4f0239b9f0668e0882e2c3896e02"
"585","ca07ff689af09cd48989262d978cfcdd"
"586","1bb4e12669e7581566e2a59008f82e99"
"587","2a9442efb282226c7510084617bd1f5e"
"588","b85da99f7ee49d1edce004d566a5d7ba"
"589","8edcff807ef181403afb662452e774c7"
"590","8d185951a3e0c86bdd228deb629ef06b"
"591","680b031e6bb8afc38977bd7267bf9843"
"592","5f1284dcb58f10673d8b8a97c07254a5"
"593","ad9ea2455d8ef80feeb401604bb9944c"
"594","2069039954b4b272f5707a4365f34e52"
"595","48d11432f4cb1d5ddb309fdc2dd50898"
"596","14f96ba3694186c66753a6b083c51cbe"
"597","e473aea1c2f2f087443b383649aead9f"
"598","bb06b24f002bec474c5079cf76c125fd"
"599","e7c14408c943e3a99563815ee7bb07b2"
"600","4f9e6725fa45db3f37809be930889cd6"
"601","0778380b61638f0a51cd689595e63c6c"
"602","313fd3b1831d61e3f706235c1108af56"
"603","01bd3e6cd4a38d9fa2cb7a6d0ab5d153"
"604","a13f9c8fe55cc8bf3f73a43013e1ed00"
"605","40b9bcacca63fe4dfcfc80b361f3edc9"
"606","05594e099768a777de93334d1168c8f4"
"607","c26a173bd471561ee0b5e9bc1369776b"
"608","b48ff7eb4fbc79a9063cba23a9a90f81"
"609","dc0a3dcb04f2dff2381863ac88ef1136"
"610","82c0e74d9e83fa5f75f6ebccb46628bc"
"611","4a0b2fbacc31b5652fedb4654e03f80c"
"612","3425be8453873409523322420c17c1cf"
"613","33621b8bbc5aa41745df19bd6e916c37"
"614","afa11b4cefae9113c4731b80f106d276"
"615","83b550f4945eddf6c30bc8101095c19f"
"616","5410002e73979b85882e174e2c0db6bf"
"617","1d50ecb41c6e1f506ace5a177eb5b18c"
"618","da03b39fe79e190430f0bf9a99c7104b"
"619","8f63a99470d5c18cda4311461eb447b2"
"620","f0ec909216e803b3c82ce5e8b4677c7a"
"621","635348ea8d669da9f9cb522c299dfe28"
"622","143fb4b64a4970f21abf30b4b1ab3b6b"
"623","362a388af9b4704b0c05786edd279c75"
"624","22e823d76dd03a63700166be6e94e322"
"625","278621ded1599b3a4513eb26940b3edf"
"626","07d0fc5e3598622c2688288106482dc6"
"627","37c85d9637155241832e4fe15b8db538"
"628","d97414a4d730601d58ae1750cca6810b"
"629","50d19f876cd8c94d10b64ab3a468af39"
"630","271536e654912aea6436a4e7cb23ca57"
"631","f9d47cb66876d5edd74f6a257d76cfbe"
"632","7be2c9b9c4d13f1d264765a36f9462e1"
"633","cc5508c7ffe52d1d055b1260f89b6938"
"634","d4822f54559e0eccd008221d4276e7d8"
"635","3b8caf635ce821f63f0c5fcb9715c152"
"636","801e6e2e762421a62c18db30285d68ef"
"637","af6019be8fc6ba46ef157c64c5e9a8d1"
"638","7c6a7ac4fc799958bb34d92e66d275b1"
"639","2de9a5356e36d5c575eae4da74fd8743"
"640","426e3b3e936762779ee38bc0d5412e33"
"641","b3f9d23f63e4097164eb10c29d104323"
"642","353f2761007f4d3f1969b7579839a875"
"643","50746a0dd984b13c052e730c853a4753"
"644","b3c05a12be769c94908cf8f36d4fdcfa"
"645","5157a2878d1f06e77fd4c6257a9caf11"
"646","07234870ffbcf8f02696f1629275f0d7"
"647","818be39115647225a4bbe2b1c18efa21"
"648","8f0bb12771c01c96d45cc2629704fffe"
"649","92ec08fbf409255bebb9bf5b1966db60"
"650","3bb58e1e67b277620d85eb50e7de9615"
"651","580602bfa1a0d5fb0128495a70505f7f"
"652","7b98e1d421bee85cc9aac7ce27dae274"
"653","3aa61a6707362c592a31babaa6362153"
"654","1bafdb3fe2bba65b2bf7ff73f5104c28"
"655","0f948d31191b04c6621ef7a2f051afbd"
"656","b56bc5144cf4408cbbaa8bab5cf3983e"
"657","8ab47987c44ecfcefd1005ec7118d80f"
"658","bafa0985c5e8b02c14139b9a60dc06d3"
"659","10d98a5c36887491c22613f0ba192c33"
"660","685792bec59f032402b049071a198de6"
"661","456c806d4752083b24c5ce123f7b87ae"
"662","5d3b0241f5e1fef843856ddfa4899912"
"663","dc61c717b5f9705efac3c776879d6dd3"
"664","d88434b1d7ac748c001ab0609eca02a2"
"665","4f7cf192fa36a398f65de41a66578e8c"
"666","054243e8d9884eebe7ee3d4d47c6669b"
"667","a93994eb452551f3ab58bca78f078153"
"668","7bf782e2bff4a013d09d2b095717ff8c"
"669","c863669fd17226bcc330e6171eca1bfd"
"670","85f3307da2d8908cab0350b9615fbfc3"
"671","fcbe8b94e15148f0c6c93fb489559306"
"672","3676e9e352cf76b50fe0de81f4f42e9c"
"673","3c818170ca040aa5e85baf3f5f73483a"
"674","3583707296bb0fd192694d83161a7809"
"675","8d41827a0eaeee45a80449d0b0eeffe4"
"676","9e73f05aadd741269234da49fbcea946"
"677","772b2f5e726c1ca5dbd1aaf61a9eee6f"
"678","f928692213a60f5cc59916e7099626c6"
"679","9a07918bb1a557ee62596d62916ad88c"
"680","b9735a46101ad703b3ea83d8f582819c"
"681","df7ef02347ee90cdecfe43e1a7c941a5"
"682","be3a5ed883891b29cbfb8a793c2147c7"
"683","01eb7b87263a2cbf1a950d20f586c6a9"
"684","cd4729c0edaa3a4581af69cdf7a4c25e"
"685","f5913c901c161aa1bd70e0cf4a5cf16a"
"686","8863296264a1715a32fa358c8cd990e6"
"687","0fb75822c0cfb67bf42a2f120df3dcca"
"688","262c40e28dee3baee9654bf513ce0d8a"
"689","a439cedbd9fd9a2b08ce7cf34f226560"
"690","b4b8b718a82849706e91d15c4c117a5d"
"691","d243e130b6788de94fabf90f3eb4a0d3"
"692","a12cd9ec02aa7438bfab2a06afa9bf2f"
"693","c69debdc25af43c9d113f2f54bc6c5a5"
"694","d67a6d231fa20238b72cf78760697554"
"695","da5bd929cb2f23f60e864dcaa4f0a07e"
"696","ac787a3aa1038979534970f7d8535a40"
"697","18b3ef7fa72a834348c94524004a2636"
"698","0787bc42eba8c3ffb9ee176398284ce1"
"699","0a8a69c1ec011ec39a34fccc339172c2"
"700","615e1b96400f042158705bdbe12ccf53"
"701","50696aaa28d5c47f370a2ad51a2480a4"
"702","b000730f9f6e0884fd72486cf0859935"
"703","f4cb69a6acead770911218964e412d25"
"704","a2a096ec3e97d8040aecbbe5a5ae45ff"
"705","6f0bf6832a8fbdfc8cbc58be16dae3ab"
"706","0fa460f984647d2731f2f060829a2ab6"
"707","0614b94f7a0b8c006305a37f85bbb7c9"
"708","4e2b1dca38076b8025760e777b55d072"
"709","676c50da12c29c8bc4d4c34ff44973d9"
"710","b1b1f282bc8c3b897f135085bcc38a7d"
"711","e40087f870293e01da9127d9666650de"
"712","62c3ac572bbfbbf4f559ce1f81a99016"
"713","b1f19c1adcd8f0fb565b7b139e822996"
"714","463a3d83e2b74653a96a22fa122d1d38"
"715","6242abfca8fd4c5fc6679ceec52d5e35"
"716","dcd58ff34091d2cf9572f54228f62155"
"717","dd2b2c8a417f8163f456744d113f73ad"
"718","29cb41f1518fee3c8d3f2c00211c9ee8"
"719","e1ee303cded9c892c5c4c3f17550a516"
"720","d501b6d8f2a094bd067192a0342e474f"
"721","7fbe15db2026a10f9ed26b9219683cde"
"722","3557bdffbff442a34e714081fe0024f1"
"723","94b1901043a3c46ea5c5d21e8febcb88"
"724","bf88f91553fe66b8642683311b8cf28b"
"725","60eb5aee141298558ddfa68a7ca059ef"
"726","2d550e2d08a3bacaa6a18f0059c37b5b"
"727","df0f9bde9652b5d1705f62bb821eb362"
"728","98bad6264aa2308e99a3bce149310722"
"729","86aaac6d8ea664bf2eb9f5f63090b3a9"
"730","2456ac91580c33ac0fd238fcdbe67403"
"731","1ea0a7dc669e22c905cdc43ee65342ea"
"732","f1908c6086fe6e71bebc15a223b460ff"
"733","e607bfc0e4daf72fa288a7f2da8ca61c"
"734","d10109e76bda439f922aa246d3db1011"
"735","470881ad07e2f5b58fa8ed04a5ed5231"
"736","56ba940478650cdab4049963febe031d"
"737","3629586a7cd1e3f007a136c83b683e6d"
"738","c6533ac10ddaff737193094a920faffe"
"739","ff5470ad625ba8c8705f5d4e01cc90e0"
"740","0e03fa58ce828a4d59f89d2c30b1e14c"
"741","8b7405b53bea884f4e7c33f5b8ce2c4f"
"742","c238c80c6df8b2de701ae9324c1cff00"
"743","06d003aa0ff75e7c319739ac30c91c88"
"744","9f5dfe0f6e758abec80f2152085ab898"
"745","2bd0a162b2bf816aecbe938bf0a5e964"
"746","c53decfe7f034f69f21069931a8c514f"
"747","e100a35f564c916827bd84dc21d5f0fc"
"748","9495258151a711991108c5032cbddea8"
"749","f540f4559e721a08351bd96ae4587b31"
"750","ae44fd36fff8d8f21ca41e80ad334c5b"
"751","bb0fe0787978c39b72a8c83f04462ffc"
"752","4245b360d8e898ecf0115c0204193340"
"753","38f02afa3582e756d6122a56d8b6304a"
"754","b45a0d3f9a30bc1bf8463a16870ba1e5"
"755","bd757aedd92a18da5a8fd29a05c0cc65"
"756","3b9d9fe1b4a510b3009ecd0eb6a0330d"
"757","a61b9c260afd95ee2081bfee9313fff3"
"758","7e90a7b241c129c9582435884e022c67"
"759","7e2782a980d59765fba2a3658939c63f"
"760","3d66690a69d7a4c967810355a36e7a38"
"761","f0a118dff853c6860eb86f19ddb9a009"
"762","5f763099fc740ae61a0c866d0a883f81"
"763","caa0014a8c0d624a36ca573d72983441"
"764","1b1e9c426f6914640801116b0275a832"
"765","b00ad6b74ef5a3bb210e597edaa8ce8b"
"766","ecbcdb80c118853667674d9894fcf442"
"767","926d75542b7a9d16e590ec0e8fbf8721"
"768","197f93fada99f493678c54ec53db7ace"
"769","77b5c8e5f0d4170b2adfc82a546392be"
"770","d1de31dfe09b1e1c522cc67634453e55"
"771","0333ed4042b67df923f2d0f3f1695d31"
"772","3b533a7e35e430484605caf8354d21ef"
"773","d55ca4816bcf7625fed8f0ca78c12403"
"774","ed3b5c938d44aed5e1175545bd9cb870"
"775","b2af13d2740b1887d98781779a616ba6"
"776","eca621985d8c1d285fc1bf05a43693b8"
"777","96b7e75da67aaddffd3367f5da384b30"
"778","b985cf6b9aaa2f7370f010ebe3889acf"
"779","f738cef789a94b83670da529258bb59c"
"780","8eee8dd63f798213456cf39b1a4d50b9"
"781","a1cb43383a8bb013a073a5271e890e5e"
"782","4c1511900a4c30c2803a8ca25445a841"
"783","bbb256272c30577d5d460e890b509976"
"784","75572dc85f67ea3635dbd4510eb04200"
"785","00569fa26a2360bb52c4914556381c56"
"786","c9eeeac1f33e6c9a2c3ec2ccadcc1c74"
"787","de9e0fea93fe9d3bc8655cb0cc7b8824"
"788","d3cf5eabd4e622b73566111ca1dbff0c"
"789","8fb81c7ec341d9709b7474c81971c2cb"
"790","0ff1784ea0aadd89bc4b9a6c432d0b33"
"791","de8ecdd370e45e1d039f779980c42e8a"
"792","7600eabfa6b50ac5cc5706fde1fc6e6c"
"793","3f5e1e9d218cfa93b74a299dc7d6d6bf"
"794","91947e67bf1d2243784058094c874619"
"795","ccf54eabdffc8d2b7167a6ba719a2d5f"
"796","b4822a8d733c55e1412a85eb56c11ef3"
"797","548ad3fbeff9146fe8d1a8a7135e39fb"
"798","2859762635146451790acd6bd1794572"
"799","470d651ea7dae895727131f3b5fce895"
"800","9aaf37a02c1db1506274698e222253b3"
"801","29d59b131008cd2551112572826d2b7f"
"802","e97d869676e9f22f86fd4386712928ef"
"803","bccd78cf0528710f3b131b255672d948"
"804","cc32329fe40e0a6a0e3e17a962ee338c"
"805","9c09c7a888733623ceed8d1683870734"
"806","a7dcb3337e6c8174b0ddd7c7e5b3a2e1"
"807","f9853edd09ce29d8104737c22683d6ca"
"808","37fbeb032ea22078ca2365869eabe6e0"
"809","358ea50d6e50693ff00434767bf510f9"
"810","1ce343ec1f2885ac8521f30212f9f712"
"811","c438953c5041e57b7a440756a4b9dbbc"
"812","a3e396267e9b8087b64166de291ee208"
"813","a9830d3d740c827b5ef6ef27e4b2ad5d"
"814","f011f1ee9c5a773d27941ff2dd3d6119"
"815","52c4f9b9b6277c24593e8851dbfb9208"
"816","e42eb91e2edf50531f22c284353af6fd"
"817","407e1904e910d663a8c583be7dc7aeb6"
"818","b57a688b0713cb7fe5336c39bf059666"
"819","6ef2d4b4e977bfe29867203098d2c364"
"820","09330194c8403fb021fd0c4ec486229c"
"821","fbd31436c521ecf9ad6c4b90f0f04612"
"822","6ab570dea8dced1da01752dfb8c9b11f"
"823","9dffc62a1572a81470329ba9d6f00116"
"824","cdd60a1e7415f47582ff674d60783685"
"825","b0c292d4da339b5e1ffe687c5f0540b1"
"826","2d6028b686faabeaa1ddc1de9de21bee"
"827","f327bda7f36401a9a737c4cc7f1e6a69"
"828","58cbd00d3aed59ad5e15ee76fdf6a60e"
"829","39849ecee2e559f96d0c7cf3da88a554"
"830","4ed61e56399064dd0f2cfd18149aa481"
"831","6c6a4becbaa5fd5581c262d7485f65e7"
"832","ed66a79f8e7e8dfd7c239a39a2b0f1c4"
"833","5cf1e10db74449755d8685b240387f19"
"834","9a981fb886c975c1a3c044df5e4977cb"
"835","11b361b800b047815bf31c2de7697390"
"836","a081b07f0ef1f51a0a6e02fe3e4bcce5"
"837","c80a628ebdddceb076a75b2d5795c39d"
"838","9a9a9d6bdf4a1bfef84346961bc3809c"
"839","afb63e436c1351c0f6e9aeecd694976a"
"840","0346669a7e40d108ba60bec9b191d027"
"841","befcac91fcf5e4b8b8e5ddd1f9d78b04"
"842","3753488b4580e082fc05bb346a6e6dc2"
"843","5ab74bbe73e5edd34c12520f3c12ec9e"
"844","d5e7be7f1ff11db2002b2c7ba60ba0ac"
"845","7db278e64df68ed8f248f1cac4c43538"
"846","74efcaa16d878c0845fa534f15a84aeb"
"847","29641e2ae0c5b0d115c68a45f5f6d54f"
"848","023dfa52edf93598bb37aa90731820ea"
"849","fe941f24c3acc30038a19192406c6603"
"850","7cc6cbc576ae3e23768ad5bec830ccfb"
"851","09c2116f76a331f8a8519e5340af9dc3"
"852","46374033275cf787940d64c506fefade"
"853","beb38f70e8191b260b99f3382f02000e"
"854","e68910ec71ceb1dc5d812fa7dba643c4"
"855","2e2301f7f027fc2f80d871ef0cce3b03"
"856","d7cd283eccaf66dc8d84f81e1de8d05d"
"857","06756ba28dd3cbd7e830f694b1bcb2be"
"858","7540c22499b65bae64304e73cf727d6f"
"859","6890d5b9f0b111e5f91ff9043f96fb4c"
"860","9b66535095b821c69c22b0ed055a7d4c"
"861","56c8a3e517d703ef7331e67a3f650cd1"
"862","028e5522d420226745902fe42e67f114"
"863","1d601ac390f541de3f3356788c0315b6"
"864","fd6df07f1f19ffe5ce7b14aee0713c0a"
"865","3d861e388d5797e4391f10d9dd5248d9"
"866","1d646384eaafe6e3c619c3fe8e2c7b8a"
"867","2e6cdbd9340e1f1e04b00469c5d2e98a"
"868","7751c0a263975fb9e58dd00dd2626fc0"
"869","7c3cb834975fcd3a20ad9e2093508869"
"870","1c445afa25c0e65a557105a1c27bd22d"
"871","e643043904915b4c964888682e4fc65a"
"872","c0ba97071873ad1c60b09765f66a40bb"
"873","c6401b62ab7a6e6b9b40bcb85caf95e8"
"874","e10de9281b42b4d3e9bceab30c084087"
"875","ebddfcad88c6aa1ea5ea88fe50f6e71e"
"876","80bd5aa525b3a08ebfd21cb6234525c9"
"877","a10c1784bbc19e6a898e3d4c108d5f7e"
"878","c4f3282719818c41def337ad71d636a5"
"879","39ba3b081962912fce3bca5f2c489db1"
"880","29d5bc3f5eaeb84a2445d5014e96bdbe"
"881","cbf89e19f3b7412514b7b3a10f8002b3"
"882","762d32c69ca73c97512a002909aa9595"
"883","60665ce78b2ffafcdf04e23758cd7523"
"884","2816dc5b3cee3a26902e31ecacb14029"
"885","86b832d60f45e045fac6f2c25e6b1ffe"
"886","cba6748c97edda9ac2bf28b764dbdc3b"
"887","b0f3a2ead5faefa6544a8d1c7ec72680"
"888","220d54f386ef43b8671b00bdb2d58620"
"889","5d64958d4e02e3f2c5d9e58f72c4a324"
"890","8f0687ac51a1b0cb1f92afb77ac69019"
"891","c2d26b461044e531edaec5cbd485c47d"
"892","6fa88526a84de0a5d8fbcb77e5f56653"
"893","5638f22d1341ef762f53d71f87143cf5"
"894","d684adf151a7c048efa71e9aa922bfd2"
"895","c9acf200985bb3090dff027a752bcb85"
"896","71b8940832b80a1aa28afc6339eab496"
"897","b39c19e0144f49108616e717a9293fa1"
"898","672ca9db3b4c6217abfb08d7a07060db"
"899","610af7c3eafc188a5efdea32b778d414"
"900","3a19248a77ccf67549156d189039d1be"
"901","8ab2bc2f72c980b3dfd14e45c2350cd8"
"902","b1ea4e0fa8cb59e2dead39067fec87f2"
"903","65465788e8d4f7db27c010d5206faaff"
"904","17baf272b521c63cccd4acd61751f04d"
"905","7f83affdfdf92541c070a9ef2373de31"
"906","cad2ed6c63f14e1c648b8875431ec6a3"
"907","ae1302a2e46ffc8cfb84e9ce8b0d133c"
"908","54794866084822f03f478d6572f768e3"
"909","d8cc10a6c8e74edddc75f4126433f107"
"910","976811fc07aff8603c4b89915396b66d"
"911","976cc9171bb09b4ee2073c33d6aa2d67"
"912","bd284c2d073338818d17f441c7e31f27"
"913","6e80379b86d6e6b84353cec35a4926af"
"914","fc63518c1640a03775ef0613e08af353"
"915","7e8b6f2fb8164f575b9bf822bd876995"
"916","90525ad02dfbe245cf536917f0c374ac"
"917","1f97d7986c5c9d168e760a41bf7de816"
"918","b41e47e7586eb5099e747d58cb231ebd"
"919","c5063070f9433d4a0d2c3f5215fc4cde"
"920","d53f5d65808e6d03a64952e08c4905e8"
"921","8441e2b7cdbbf50f39ca0a96cad327f7"
"922","e3ff44619cace4be22082473f407bdc2"
"923","e2e10afdf2d585d24539804cbf6cab60"
"924","4d010fab19b2b36652ecad8fad8c5a1d"
"925","f081b13d6aebc4265ec9605ea20e3c5f"
"926","c00acc985e267de290f00917917e0a55"
"927","68c9a51d0f3321d77d82f7d64e042ff4"
"928","5f5b9a77bff19420fb1105d08385d006"
"929","d847c77a864bec98a87e0b458e83a7fc"
"930","798d6b1a2cce087282cbbd363983aaec"
"931","2ed9151144ad5969d3995c80555d2dd4"
"932","21c52f3e184996afe4f76d3fea7c1633"
"933","5fa0aea2e37465d3fd050588f677ce27"
"934","769208f4fe42f667a7f018fabef50fdb"
"935","402f14dea2c5a0cb8321226c1c5c4161"
"936","8974a1db2c635243ceda2a23f64d66b1"
"937","0e4a8889eb25034322264008838e3bce"
"938","e85ed2f59a749fec8db241f2a055e2c9"
"939","f2ace5203a81691918330f03061d673d"
"940","bf2ee6af3e077126d9b0d4c4e14388df"
"941","8603f841d3f68cadbabcbdf2d5e2753d"
"942","35215ae0ddb276675c44eb196c8f27eb"
"943","36f66dba617443edc647c607a1868b28"
"944","55b14bddb978e7e0607aa7c119d22d4e"
"945","6cab2e5edf67d558b8d758a9d4fefc03"
"946","593bb059157c1c231eda66c2b2830b37"
"947","4784b7bb6ae98a8cbd9ccf08a4a270e7"
"948","02a132d3533f775cab3dfcce0c1a8207"
"949","b5ce89b8b432c1619d6b9a4245b819d2"
"950","8bd432c749d82263e3eacc69370a092d"
"951","7ae26d72c2e9793063ab7ec95f3f826d"
"952","e9cd31327ba5b7ea8cde2719b968116b"
"953","7dd9a656d0c802662930f48ceb9424a9"
"954","563b9ad6250fe0a33f8fb3d8f88169d1"
"955","c697bdd4fcd82e889b71af40980ed057"
"956","0baa23fb310581689c0315de1d2433b2"
"957","ec5cdba1015ecb49e7acb04f4e1b9498"
"958","c389ca2919148cda9162ce123f138694"
"959","cbfad3c9abfc06b8c6ebfb5768128441"
"960","4525d1a76e1f9f9d49d9753dc55385c4"
"961","17cfef80db981924a8888ab8fe5d3df3"
"962","b54136057842d7ede787bb30bded1ae1"
"963","5dbb089a08d88c8d8c991c4dc6ea0e40"
"964","7763619216e8e05d673b23552ac00fcd"
"965","5038ea38ef738ca6264d7e5e99006671"
"966","d4d2a09b3921e7d37a386ae2a643b48c"
"967","0f9c24569bd6fcea1ccb9fba67fb01bb"
"968","e75337e34ac4e98329623bc51940cf8d"
"969","d32b5a7f016aaebdf90582b0427c6cda"
"970","b977a2ef96dcb1cb980a2faf76ebe615"
"971","70b866ca796bc951039ff9cefc2f8c0a"
"972","0e3879d3f8a8677a805489dfc0f1f716"
"973","3635bd6c9232c1719d477dca2f62e21d"
"974","33bbf9bbf042569c80fe48d1786a2c3f"
"975","da89a8d61077344eb7157dfbe2b89301"
"976","802fe46631d713d45e4914507fe22453"
"977","207647f8da2fd444da2e5cec24ad2646"
"978","b42ff74dd8e25e90d80d7748c9c9bf98"
"979","f37fcd626750f313579445c586b030b0"
"980","05a13d3fb0b39b9eea7f3ce649ff074f"
"981","6eaefb17942bbfc2fc31713e21a9b6c8"
"982","5ec3f290d6eacba5966e43f4b1a01cdd"
"983","494b0420a12daf24b5cfd79878c8bc7e"
"984","4c0abdfcb5ebac81a72c62f87a2caf9f"
"985","ced5a4f8ef15396a165f54dd6157ce13"
"986","f4d16730a331a7345742478cd5000da6"
"987","ca960f600f8971335aca6f35c011cd02"
"988","b5d4bed795429cc34e7b84add9dc6727"
"989","6fed3033d7f5e50a901237cc472c0d11"
"990","a5dc536fea18d41ebaf313d71af7ef08"
"991","700161f4ea1d4423e791909b1fe70426"
"992","2177f2f65667825c3668c6643d5d0df6"
"993","a567e61207845218cb0b7995c874c19f"
"994","6c491a436999aef2edbb35fe2e36f794"
"995","42d4e0faa09c541e5de402b08780240e"
"996","f4c2bd1c5971cf79c4cd1de46e5c45d5"
"997","52bd92e2ab90460d4b19e0ff91da8b61"
"998","cbd5a3c278402e7ae3e3c31eb687f4fb"
"999","d76fe36217d7e3b040acd918ffb4c7bc"
"1000","2c2451263f25fe74097d8dda8d24c78f"
"1001","195417a556a871172d16585c51fe208a"
"1002","213c7c2862dfc0c06bb02f9e69670666"
"1003","27904b6b359c810c4b5fa35ceaca4981"
"1004","eb17b58efae3aec217639247a07faa40"
"1005","007f403b956bfd770458691fc0426764"
"1006","d5bf02f2d40089587587d79ce22703b7"
"1007","35e6aa0f4a0e55a9b00b814c6ddf8e9d"
"1008","2c1417ae6009d0e9d07d6ea299cb91c5"
"1009","1b9377ce23a3c062a0fffabdb2ca3ec9"
"1010","94d7574f85038981d8f3f2b2a7b74a76"
"1011","5f4b44db36a2a032a890cdb5097c2cac"
"1012","75837308f05375e3dfef4e7bf366de7f"
"1013","925c3617fbcfdc4c5760e476febf115e"
"1014","b58d069859bc8f6edcbdb7da8c1a7747"
"1015","c74063d63428945e6052aac0dab2a698"
"1016","3ce048c393e584ee1816fe0b7f834fc4"
"1017","98cabba45983f21e9e7e5728b79c2d00"
"1018","23a847463f4c3523b0a25c86ff1739f2"
"1019","fc992e733ae9a9f01e0a3275b4a50f61"
"1020","be7f9903e0eac99f783dfcebb8b304b1"
"1021","ffe9fb2d9401a30f3ef44210f38fd55d"
"1022","7dcdc3325882da915c94f160c0c4a72a"
"1023","2902538a846294e5a96d21455152d681"
"1024","72e7708fb1f584455b502df54dee1d8e"
"1025","0bf3b7131943733f71c5dc859b929c41"
"1026","7bfcee946244d8619184578cecd86330"
"1027","5e377c24eb174da2c34b9a734847d16e"
"1028","4debc585b39f6f3e2b398dec0378677c"
"1029","1298291e4abcf20c3a65d3b479bbb6f1"
"1030","faf57696ca5dd5c72ed8423c4b30a002"
"1031","0a81ff8412f788ffe862bd2fad07071d"
"1032","319b06546d95ae00ca4743aee4436ccb"
"1033","e95131b61e05e71a23a968513712bf61"
"1034","b3da9df7c3a0333bec2ff48b2c5cb1b8"
"1035","2cf3a37df2946c0b1a4b2796a491c0fb"
"1036","362919a5155a999109276865d201cd57"
"1037","1985645ac4048920df3281b0cb35274e"
"1038","fe9bd5ddeec71efaa5f1181f0fa15e18"
"1039","ff2ae1aad67baa6e5351a5129d4fff1b"
"1040","3548ca792694d84bbd98184d3d3607e5"
"1041","ae6b9a523f276a182665d1c8beba0a0b"
"1042","20634a9c273dcc9af87c5485979baa76"
"1043","82418d0b93eb470619c0c5e6224a614b"
"1044","afb4151176d96414eb959dd0ef9c8dad"
"1045","deb9dfb5d2f6401b2532da701e4c855f"
"1046","e6d01a5bbf49f6e8422f7b7f02176bc0"
"1047","623c69bdc6de13ac12f7c87ade7e1b96"
"1048","cd09542a28fe8f77df5dfecd89ed06ca"
"1049","7f31d51e90f9473524cfb8d96aaf17d6"
"1050","294fbc8ad9c97b23065ed483b85f2a00"
"1051","86c14b48131ff9ad3a0805fa648df644"
"1052","c0ecabd51395e8ad481c4858b13d8f72"
"1053","9978785d381e136365413aca8781b1ea"
"1054","606be99932f693313b9015dc5f6297ca"
"1055","5b51b1956b84ce6af47cf69280f72359"
"1056","684dcd0fd79f42aa795c084f55fe75f9"
"1057","36c57c6a6446445f0606c59923fdb7f2"
"1058","1748708683ce1f7336358a551acb8672"
"1059","1531d8416832ebb55fd4df8d4a8a4ccc"
"1060","ea021b7a630c1efa37f964f08b0bb33d"
"1061","8e2acf43d9fdbe0c3ff875e37f8af566"
"1062","63385c5b2936b3b30bbda9ddd1342ec7"
"1063","3dcdc1a3ebeb4412cd54ac51e8c49418"
"1064","514b29431df0259c7a6dcb46d3095ce4"
"1065","dc87e5e80ced690331e427671cca158a"
"1066","64b32a063285d7f4aadedab4491e45fb"
"1067","c4a83395ac1d9d353ea764289699c525"
"1068","674459e993589a9904be1bcdf0ff56fe"
"1069","31bad59cd5cb590ca0678d7a089b6e2e"
"1070","bbacd1bb03d84f70143a33250276fa97"
"1071","d22a47a3377b9622b6701c02d10303b9"
"1072","1637ded424a55b116069a24f4d3467b7"
"1073","2cdfc6cf51493ce4d9a586b7f086e6cc"
"1074","2c67fb74f10d36297e1b232a042b8fd8"
"1075","2880bb5c8367d994600f9627f8bc408a"
"1076","f17efbf52137be31498ff773755c088b"
"1077","d0ee6e8457ff12660082a25bc1f3ce7d"
"1078","11eb5a398c13fb64a1824ec04eab8e16"
"1079","09f3a772b1df96d38d680a8555854744"
"1080","5c2bb2b9a1d1679cfd31cddd2abb4f25"
"1081","435db173f9b0a8a867573c18726ae715"
"1082","0f31c21e09e781baecd9614dd9690415"
"1083","3e4214994e692572bb877f2de78fec35"
"1084","f2441f220bd5f15bfdd9cdaf954eb25e"
"1085","419b32c868c3c70b06a593c6e01997a7"
"1086","1ede59d26f38b4d3a513ed146baf4c32"
"1087","bd67e8d9130c8255f7dd318282d873f2"
"1088","1d3e7730b6f905d405cd87bf3f38d1f9"
"1089","f5bdbcc9cf2ee35d6b9275b54e7f6baf"
"1090","3986625bce27e6b3a289d1456cd780dc"
"1091","d888123dc1b009dec58b34461f7645fe"
"1092","d6a82f6bf1b03bdc37d4c6f8a5a636ec"
"1093","c5daabfe9288b1d791ab9a6b860d014e"
"1094","9ae3c4c354793bfe0e64c4e1f23b5be8"
"1095","0ed8ffeade9d277919e8737339baed70"
"1096","13ec2b1410057255dee39d7283556105"
"1097","be0709a47c0d49da30a6f91aef6d6055"
"1098","d7c708b27b4d5334929aabc344f09cb5"
"1099","fcccddfbf8a689c54b9e7d46370040db"
"1100","d352511dcde15d80f02e04c6ffd3dcdd"
"1101","693c54a1de074590197a28aadeac8626"
"1102","31a06dccfd959359992a3c9f7ad085be"
"1103","1a964ecfc8a8dee955f8d58b2f64a051"
"1104","3da3ce2a46d3690c2005f6b95a138008"
"1105","b1f1a09db33c7e4edf04c182a534317a"
"1106","91c423da839c739cd082112fc9f73289"
"1107","7a13e72011451b4756e4d71d427e0f68"
"1108","e98a81c39a7b567424e308eff14276d9"
"1109","90366866f1c0d87db3e077c80b2b2ca9"
"1110","309292259e8c84ddbe441adbc4d43233"
"1111","af92fbdb1e901931a9f3155b44686bad"
"1112","ab0e642e8bc56984151da2948e9171a5"
"1113","0b78970c013a22e76511c7b94e1bb928"
"1114","903784f876b9a7b42f81df6c152eb4c1"
"1115","58e9d07df810e4b96b6be5df56a3d080"
"1116","a1588924335b9bc64cb408a98b266c95"
"1117","910df574890d33a382a08552bb110602"
"1118","5e6d0028bf959d6af5ce577b01b92bb3"
"1119","de10907921445430d9e81d1caf1f614e"
"1120","dba8f63a61dc9f94ded7df9562c01c97"
"1121","e287acb0027a56547c6d75f0451e94e9"
"1122","75ba4fec57736ef5eff320339d40bcf6"
"1123","5e19b3b52f1e4b54ac769dfb81974d50"
"1124","693968d37ad0b85092add64e8880b1da"
"1125","2d7f2e341fd6494223ca4896df866406"
"1126","6f2da01bb8119f12eca4e548f91443ea"
"1127","0811dad624431ad4201115545a617744"
"1128","cea48ddadc6eb061a087cf55994a4287"
"1129","edf875bc3c5a2094bce2fed0829a7d71"
"1130","2f98221bdefdf3a5b63caf8f1ebb3724"
"1131","7f37edcf2437a716d05b765b8b01aefe"
"1132","3e3ccfdbe1f8927c542aee8d475cc9c8"
"1133","de4b80193b3e3b109eaff34b9c185409"
"1134","f2094327f5d7a7637d0bedf3fcc7153b"
"1135","1ef796a2ab489546020e7dd1c45977be"
"1136","83a81a0a263f337e8d791a88550b54aa"
"1137","72c20735a76c8db7c7fd7bb53040a618"
"1138","42cd8a4e655a156f852d8edcdc4f6d23"
"1139","518e25512cdc6ab36e2dc84c24965821"
"1140","589068a1d1c104ea2043d30ad032b6c0"
"1141","bd8e1f2da0b1238d8eadc131afdbb5a9"
"1142","3a9ce74593a3db6c925302f130d20df9"
"1143","f284ce2eb778b9aa051e9b9a48c99b7b"
"1144","1dfee39e210518f31db83d850d7b7a61"
"1145","933912cf234a39fc6ddc67014e89dfe5"
"1146","fe138b2d34af819bec3759e1d192338b"
"1147","55a755db9fd93f5e3ea4159d8e29a6d7"
"1148","6f94b9bc722c293995727f66bffbad56"
"1149","737556467b01313ab4707610967a2255"
"1150","c0c01761f11a581391c5b11f88e94705"
"1151","47038aa1a883a91ea14301135e1de20f"
"1152","78ea6a8ab90d2c6cb3b846f2e0191aa4"
"1153","f39a65a05d4d7f4af9447bb244ce0352"
"1154","6c76284996f90d7cbd241e64a357ef78"
"1155","380fa282bbd79c0ce937bad84f3836c5"
"1156","7bb5fe295f5a1c88c3ed4c3dc7e345da"
"1157","2d25493f3ff9f3311f031de3d0c1ac77"
"1158","ea9ac99c2b4388baa05a6fca4f93edb3"
"1159","6c2678f8f7530ed4cfeaf0c4b7e68c2d"
"1160","7927e54b95259d7746275f02aecca0d7"
"1161","7c7371602491eb96e09530e95f2370dd"
"1162","85f2559ae1d74be2db71d5863d7c7288"
"1163","6777adda38ac376cf93042f03f11688f"
"1164","033600a4021d43deb245d6903e72f79e"
"1165","d0e26062cec5f3d7671f0980d6e2b620"
"1166","101446cd6108d598a7e9d95e1c805725"
"1167","4b2a886e8f68348eabe02f0dd8d02b18"
"1168","20fff49d957ac9cd7148efed23b86f59"
"1169","0c6b208f11c8b7ba51b1839227a2d899"
"1170","19164866500a121f5a059d0e51c23fa4"
"1171","21012e4ed4061e2a876fae9331148bd5"
"1172","e010ea731e3aafde8012a9d99e6e0762"
"1173","557f7cb6a79d7ccb1df804d90055254b"
"1174","764dcf6882478ba5ebeaa8e560613a5b"
"1175","efbf79e54ab568ab46838928ea2aac05"
"1176","1e662ade62156adc3ab3813db0e6f7c6"
"1177","b2d876fab191a5bae1d4936676883f69"
"1178","4cc1f8141628e7af2ec93369671d0c7e"
"1179","fc55da8194743cff1c3597ccda857622"
"1180","6c0baa4ea2454607474f0b84a1329aa6"
"1181","b6f9fed0382cf83c4d0c8340c287d158"
"1182","4a33a801f6646d0e5e1e388ea05c5dcb"
"1183","eef3e41a175c1c3391813e2236020b79"
"1184","457031682d17ed4cf679eb4b787c33a5"
"1185","c527ba709d069a5250dc01aa134487a8"
"1186","b14090801c433e7b43b4e16144e6dba6"
"1187","ddc80b026ab85b22e67e74e06f918bcd"
"1188","fc1c3d2d2c3d03629d8fd5ae5bfcbb7f"
"1189","ca4b3b5b557dfdd17442aa6e12fb2071"
"1190","4c5eb82297179db185f7ce241a993582"
"1191","098fc87e4836cd67b6960cc094719faf"
"1192","8cf1c1325bd6d4670ec89f6f14e8f5d3"
"1193","f9e3089bfb198e20949b553c2acf2657"
"1194","489b9d823c0596844de11eab6c7dd5fd"
"1195","187412493fd6b05119e004254c03bfee"
"1196","0b08aa3cdb2dd3e530400f55bd1aa0e2"
"1197","037130e6fa3112f99b43c4815e568812"
"1198","9aa6fdcd4bd319a331a7e076fc366799"
"1199","1c578a80e2bafa93c09a725b2781ac3d"
"1200","f5ae40ae386d5dbf13b3a185ad744a51"
"1201","d61dfbf66e909009e5ee8cff682ea607"
"1202","b0e2b7fc68224ec22518bb3606531205"
"1203","2593d022f838494cc8cf5515bb1d98ac"
"1204","8affb006508984dfdf16f66ec83dc386"
"1205","b3af2230b741fcf91cd24c052661e7da"
"1206","d2bf335721f260d544f5310a55bc3e87"
"1207","e083b4f5e6af231d762688ebf0751c85"
"1208","160e337eb26e4e168c3b1d3ccda7b814"
"1209","392ff66d668c4df079e1f2e8949d5df2"
"1210","4a30e228eb0dbe119857d95b29de4895"
"1211","d344ae4138a8e5a2028fe0a6bbac4741"
"1212","be16930fe960418278ff0dd41467342c"
"1213","247262696c907a5e397c73260cd72521"
"1214","055fed566de3305bcb24f4bde6b33dce"
"1215","1492e175a4821a344bac13b1ec303d8a"
"1216","849a3ecfbd4c153b8ad7e35db02aaa19"
"1217","6ec80f5b1f384397f617257efffd7d56"
"1218","7ecbb5559f442f9b890ead21df6c3c02"
"1219","6836a6be778ac5d91f4bc90e90343385"
"1220","3134ac82272507163cd2e8fb23dd1185"
"1221","c925138c672bcbf00876b316ccf19093"
"1222","317a0eef63f823b41feba438a1fbc191"
"1223","ac2b30c97de5ded941795ea0acffb579"
"1224","c0d42386d5a63c96249c6012a196b0e9"
"1225","3237c1dd6d2eaedcaec2733a36939292"
"1226","95cf98b4fcf017d9840d302a6b65b2fd"
"1227","2af328bab15d5911c3f9fef13092c3b7"
"1228","2b64ca401f8a89c49c61e91e3e753a90"
"1229","a4af2bd46d4ef14005c12ff1137825ab"
"1230","8936d3b072aa3d7302177447e7925856"
"1231","560527d9bf0dfae3faa4d95c09845c13"
"1232","6c4d6cfce43e18a73549ab2ab2838e51"
"1233","ec857eb4a582c1385b1c98fdb8de1941"
"1234","5dcb1865557d57e177b3f4762fe1fa89"
"1235","ba3dc03d93787b76c336bd9d6bf0116b"
"1236","2af4b71e5992bf5b3c8e0e7c82ff10fd"
"1237","50630e665b776419823a22ff0c375863"
"1238","a47ec2b7050c7183d2e1dac667eeedbc"
"1239","c1a3166721789341128d809e2d296fb1"
"1240","1b347db1b6f37ea5db8a4b5ad10e8f32"
"1241","1117c2b960dda97730212a88419374c3"
"1242","ca1dd6a0e3fc356da718b3c3d9b27625"
"1243","9cc68893ed1e51e98d2f5950f2f7b255"
"1244","f24efb62e6d5dbefe89d8617641fa43d"
"1245","43bd60989fd46234adf02ce0a25bea21"
"1246","a2fc0088b5817769bff1b350ad694e6d"
"1247","c8fcdd5301fa26873904096f61a30d38"
"1248","576968ad2750ccaa319c6c771a4daa3b"
"1249","64ff79680fab0ca9058b8167e4da1fcf"
"1250","e25ec807eb3ebfd0a265e7174ddb3257"
"1251","ea92857fd7066a7c43498caf7649372a"
"1252","5374b584bb9bca42488bed623145ed65"
"1253","f3ca17a0e4a3bd36465bff3861663f24"
"1254","1560042ffcabef60a8be8c4728194b32"
"1255","e4de828434db834ecceabf94f913ec9d"
"1256","cdb6bcb4c4ce4ceba3095725f697a52c"
"1257","06cdb083452fc1c2eee8bb869d3e80a9"
"1258","35e8ab924db6aa019e7be42bf569c90f"
"1259","3929a7fd56c1365978d9b283252d7b67"
"1260","5617f44f1a06d1b75f051104f735e2dd"
"1261","adcdb6eb99b57baaadd38c9539259bba"
"1262","e41644bd78b67508f5e9365848517c45"
"1263","34249349f2b8fa53b0c7c8a48bcf2b11"
"1264","52f8ae0e006ff252085b4e50d6424215"
"1265","f9584b50b397398a7623994c4a5d062f"
"1266","a33a6429463a947d50029ada20a2a596"
"1267","e1680b8e8a937db610dfcfb3c1700bed"
"1268","89297758c7e36d8e22b3d0fb399bc94e"
"1269","4a6b13df4a4e0fa906e45c81e14ffc87"
"1270","8020bd74662ed19107cd655217e77616"
"1271","90dcb2ad53462d13355fde754d41786b"
"1272","1558b49314011ec79efdd460a30ab6d7"
"1273","0725d47c76b10397b33a514d1a4113bd"
"1274","4baac816ee3d000892219f6c1d17995b"
"1275","3ee1bb53711c9fa56a23aa8bdddca7bb"
"1276","68071f4d351f2a6d33b0a1271a62c653"
"1277","dff92c61776b4a5d6bdca147de41fba5"
"1278","ee77dcdf1991c0ee1de781eae6d3da77"
"1279","bb9e8d8f3faf5e38f6bb2a587ab21583"
"1280","848b8dc08adb4ebde67193714b1a1966"
"1281","a64cd385de0e700ea38dc79758e91585"
"1282","7051edbfbe3b91af7dcfe3980977d8b6"
"1283","455ee4870fa97dca8f8b4ab1582abdf3"
"1284","ab3e82aaa413162825bd9c87af92370b"
"1285","06dadfccf911e51ae522156aa28e833b"
"1286","0b060e8094099b90a08de749d3faeca5"
"1287","2618a07c1ee63ae2a9670b02973c5e6f"
"1288","32d6ff6b8f36676d2901cf6e47ce3d27"
"1289","cf0c1d086f0384c9366436d37c1b27ea"
"1290","a4156c217e2f3dd632791f5883196a46"
"1291","d96a4d16af16c7de534c67b473aa1399"
"1292","202f8a501114943d7022c4c0e2bcbe8e"
"1293","b0625eb6e64e31d775136536e91e2744"
"1294","75f3a0e1328aff09cfadd247b91a9bb7"
"1295","337a84e01a16f67bee220034bf75441e"
"1296","eb68a3bd5dc244c213b103c77431c7a2"
"1297","666f32084364d82649896927f5eb3841"
"1298","7946722affeebc2019aa63fa8f5664de"
"1299","edaf2bb636e4a1c7cf1ede0e250c8bd8"
"1300","2101446f55e2639f151a1fac2865a80c"
"1301","d76fadc73ca41f59297152fc1e215013"
"1302","9049e6515c8f0251a4a273acd8a9e2c6"
"1303","e57d652a2d1289001440b0c9d843ebbb"
"1304","5381ca234f2504b75eab607bc111dfd6"
"1305","8651d473995ada2cc4844c06d6106e9e"
"1306","3187ab3ee0af8f3b84277916294ec651"
"1307","4d306ded076d414d28234e3de82362b8"
"1308","8b57af76560c009bb2f6471a62101469"
"1309","573884e7e7b603606c083d174c58bf15"
"1310","567b21ad8e878685f8d14bbc031d158c"
"1311","41e074f6aaa41d74aa911fae0984d965"
"1312","4ed785d5a2a09ca265a2eb4172775470"
"1313","aae44bd167d77035e71f165bcc026a93"
"1314","80f7643495f6afc5a585cc0959ea2c52"
"1315","2e9905c001c5950f9cc8fb8a60a93f71"
"1316","54497cc28a3655e2e1da24c197cb2a48"
"1317","0cf4b7f5344a993b0f14d14ed734f1f4"
"1318","8ef530fa8f3f51067f2acddf656af372"
"1319","0ef2e24148ca0f55f0b4b84403e9d605"
"1320","b8113edd14fc27176136683be292ebd1"
"1321","08964ed05d227c6a2e26846b499e0c61"
"1322","2c496f45d4c1457b88787732936a000d"
"1323","f49c113b5ec30e9b1c16886a276f4067"
"1324","86ccb991663ce781f68f876573da14a6"
"1325","911476e79a531c972bed839745e4a6dc"
"1326","07ad71afb366b8dbcbf101d376456e32"
"1327","fa882e7c6cbbfa4a017dd20a128b4925"
"1328","47f9f62610195e00bda691c3a89a078c"
"1329","ef767d3732a1a7a2f7711a9d1084e50c"
"1330","5594c9080543d07779eb9f45d400b376"
"1331","a819ddbaf72257e2cbf3c96ae9e97695"
"1332","a49f44fa016fbfa3217c62d0edb9ba33"
"1333","81adef9c01c06f02e90c032f9f5f3c07"
"1334","4fe1f56e7423b3aebb8e86e7e2f96f5d"
"1335","57dbd258c2f7b9566c9f669bfa348c92"
"1336","5421b31c35eaf3cf3fc28f8ef36d3e7d"
"1337","441d28259b8de0e5157518418a0cd166"
"1338","25e7873a79a23af90962590f69120bb9"
"1339","738554f39375e380541fc68fb7b67002"
"1340","e3d7a82de2b40bd76ac898ebbe62aa75"
"1341","eaadc9e47268cb65577687bd80702ea4"
"1342","f9641abfe2e4aae836b499a419ce423c"
"1343","ea904e0a5dd2ce5577c14553864376af"
"1344","c29084d62e1143106326eac3c64f7a84"
"1345","b01cc2adc11b5ef3cbcb18c5b10858af"
"1346","6fe7fa49f984c91dd94d023eb5a86ba9"
"1347","736382dd6d481aaeb74e504f11d8b3cc"
"1348","6a43d34b9d9168ed43459f0e5680ca45"
"1349","7fec1060ad78f87b60dc593a9ef2e062"
"1350","b5d4ac8e04734721b82e2deea8a81942"
"1351","44ab12ab9d77de8905219fb2bf7563ce"
"1352","d78fc6069ac4a15fdb9f239532792f87"
"1353","d0aa27ceff95ff129a72fca67d1ba832"
"1354","a8a9d11cfba19fd44b2f3d940c6a088a"
"1355","7cce5785d8509933264a1222b648f019"
"1356","0922e16f9c63c959b2959b698a07d347"
"1357","9283cf66d797d720c91ebcfd336bd744"
"1358","8fc010e517439915588838b068e4e023"
"1359","b0ed3b3491bc918d9ea641d9c99eca9f"
"1360","3fd5ce12888eadc215ace46337b500c7"
"1361","12da87bab9f59c552cae2b19c63e0ab7"
"1362","b5beaf345c37124ecfdd2e9687df5df3"
"1363","84b21f4c546583780e5e653129b56b02"
"1364","0693c30859efeefc74b2b8552e8d7636"
"1365","74049cfb6d2423a8a7d607a7c263ff64"
"1366","76f4f074a84896bc3fc2e10f1b232b46"
"1367","7d9b045248dd23301228b34167c7e839"
"1368","083f7565739cd492253760f183337e5b"
"1369","e4ae2b1be58967b10a310e640393be62"
"1370","5c348d34be9610a602f9579b17b1f750"
"1371","879b42e5c60ea01296171bd76022811d"
"1372","46dddd44719b10554d9313859096b9a8"
"1373","f66ac7c021f42dff4bdd019b890ea6a5"
"1374","0cb68615dd415fac1742d1a3edeb1407"
"1375","00a5642ed128e1f78c8e6e06c8ca6389"
"1376","e2aeb1e400dda4ffae952ecb1b1be3db"
"1377","05586a3b44a2fcbc5c78e870e8432f26"
"1378","760a006c599c4856a437defe22e20bdb"
"1379","c65dba90ad361ea295c8ea44c0e3d018"
"1380","3c9612ac8972a1f3d6798efd569364f4"
"1381","eb0ac28ac9bab0c7d93e35d8629acfb7"
"1382","b4e51e36862470efe15d50b6563ece59"
"1383","a742de7b5de0319d57c9712725ecfbb1"
"1384","1a041b70da680bd9fc857ab78a473b20"
"1385","2a0b65cdebfd76c8e826d7dc27a0aa3a"
"1386","762c735fafb084e152c4cef27c1dd7ae"
"1387","0f44420c08a13507ef1517f6ba5f3cab"
"1388","550e8b7626db8dcda9a50ec6f89521ed"
"1389","412879ead988f278a8f19580c1d463d7"
"1390","b120ecd90b138d32643579438e94fde9"
"1391","fa24f5199d4f8071c95d17bd6f5f5312"
"1392","dbe434e9cb80e48033bc1857395f62a9"
"1393","ab8d64e4903ace5fc8cfa0fbd081d81f"
"1394","55417986e8e284422484427b674375ba"
"1395","007a8f31dab28cca0aacfb7c56688a50"
"1396","fe6de90255fcaccf7668935e3bcaad57"
"1397","4ae6f509accf9254dfb435a8f854c7a6"
"1398","63b22b74761158164e27399aed9da1d3"
"1399","5cefc4acd00c8c7e25fe7c6920c329d1"
"1400","aee2f18982a1aaedccedf76dae933f61"
"1401","c035b81d5d070c0de849bd1ed75a8e7c"
"1402","ec54713217e7a393a69e5d3a8af1e134"
"1403","6afae51d932f2ebff699c6875bddae30"
"1404","6ea623a5e4fcb3a1e592771a9eb58117"
"1405","ef64cc5a4e554d9c90a00583811209a6"
"1406","eda9e69416ec004fe76f8c85de470e8e"
"1407","7713746d82b3bc7dfa7f9019865632b2"
"1408","138d57f87cfbefc8ced148db818e4376"
"1409","359bcbe73917fba42b234d018d6fd2f4"
"1410","ab306bd0ec9fb5ffa9ede59c6e26b197"
"1411","b2a6d9ecaf85891a3a4c6a9efdf7e58b"
"1412","fb02bd0b3a3e50a95f080e93668b7f7e"
"1413","f8f802807255184cc6ad70310ee7c28e"
"1414","289f759c7220aa6b7678c0d7b9bc98ed"
"1415","366da8892ee6baa0eea6d6a60562c1e9"
"1416","8caa53f8255787524199aab63c8d1f43"
"1417","4eb97173b6539a0636d9c1797db17d86"
"1418","c126a49148eb0f4f43addb68e3df9173"
"1419","39e5abce93dad8824d8ddea1ffee7e7d"
"1420","66266d92bceabc3d94fb87e702cfe225"
"1421","a9a49e0cbec66eb7fe184fd5f37d340e"
"1422","dac4bf272672e66f6d69c1e695c341a6"
"1423","dc6dc648f296bfb8a6dd06fb3ed74497"
"1424","8634cbe93dfe76f7675ef69ad930acc0"
"1425","d9de9a24ae37dac34c83478e27c71c8e"
"1426","63e9582c41d8590dbc28b7a75ee175f4"
"1427","1650c882b2f2839cfb0fc8fbd5ef905f"
"1428","b00a9f7436e4f03364f3c85ae70994ee"
"1429","ccc23f890d3f6f9e3794b250bccbd122"
"1430","353d2689b1ed9d7cb0c15ca4855cfdef"
"1431","010ec904f99e6ad26d86d7e40e922544"
"1432","8d0de015c388ea06b074dccd30c0aaca"
"1433","7843203a7cb56ae41c1ca725d35bfaff"
"1434","59e3b4d8f1416d7c3463edebdbe9c2be"
"1435","4b93d3dbbcc4653731318cb94c21a779"
"1436","f47ed7884e306cf7bffade8481c21b0b"
"1437","f8672fce1f46c8bacc1ccb2e776f88d4"
"1438","9de35b3f86daac5a9c90bb38c4e6e69d"
"1439","12812c2832b9646650c1dabb1816db52"
"1440","ee5022cde05e31d7701d679ff8e03267"
