"","Sample","Measure","Value","sampleid","Location","Salinity"
"1","W_BIL_ST1_2025NOV_01","Observed",1439,"W_BIL_ST1_2025NOV_01","Biloxi Bay","Freshwater"
"2","W_BIL_ST1_2025NOV_02","Observed",1772,"W_BIL_ST1_2025NOV_02","Biloxi Bay","Freshwater"
"3","W_BIL_ST2_2025NOV_01","Observed",1581,"W_BIL_ST2_2025NOV_01","Biloxi Bay","Freshwater"
"4","W_BIL_ST2_2025NOV_02","Observed",1807,"W_BIL_ST2_2025NOV_02","Biloxi Bay","Freshwater"
"5","W_BIL_ST3_2025NOV_01","Observed",1787,"W_BIL_ST3_2025NOV_01","Biloxi Bay","Freshwater"
"6","W_BIL_ST3_2025NOV_02","Observed",1581,"W_BIL_ST3_2025NOV_02","Biloxi Bay","Freshwater"
"7","W_BIL_ST4_2025NOV_01","Observed",1707,"W_BIL_ST4_2025NOV_01","Biloxi Bay","Moderate Salinity"
"8","W_BIL_ST5_2025NOV_01","Observed",1990,"W_BIL_ST5_2025NOV_01","Biloxi Bay","Moderate Salinity"
"9","W_BIL_ST5_2025NOV_02","Observed",2053,"W_BIL_ST5_2025NOV_02","Biloxi Bay","Moderate Salinity"
"10","W_BIL_ST6_2025NOV_01","Observed",1823,"W_BIL_ST6_2025NOV_01","Biloxi Bay","Moderate Salinity"
"11","W_BIL_ST6_2025NOV_02","Observed",1837,"W_BIL_ST6_2025NOV_02","Biloxi Bay","Moderate Salinity"
"12","W_BIL_ST7_2025NOV_01","Observed",1567,"W_BIL_ST7_2025NOV_01","Biloxi Bay","Moderate Salinity"
"13","W_BIL_ST7_2025NOV_02","Observed",1812,"W_BIL_ST7_2025NOV_02","Biloxi Bay","Moderate Salinity"
"14","W_BIL_ST8_2025NOV_01","Observed",1951,"W_BIL_ST8_2025NOV_01","Biloxi Bay","High Salinity"
"15","W_BIL_ST8_2025NOV_02","Observed",2045,"W_BIL_ST8_2025NOV_02","Biloxi Bay","High Salinity"
"16","W_BIL_ST9_2025NOV_01","Observed",1936,"W_BIL_ST9_2025NOV_01","Biloxi Bay","High Salinity"
"17","W_BIL_ST9_2025NOV_02","Observed",1992,"W_BIL_ST9_2025NOV_02","Biloxi Bay","High Salinity"
"18","W_PAS_ST1_2025NOV_01","Observed",2849,"W_PAS_ST1_2025NOV_01","Pascagoula Bay","Freshwater"
"19","W_PAS_ST1_2025NOV_02","Observed",2335,"W_PAS_ST1_2025NOV_02","Pascagoula Bay","Freshwater"
"20","W_PAS_ST10_2025NOV_01","Observed",2400,"W_PAS_ST10_2025NOV_01","Pascagoula Bay","High Salinity"
"21","W_PAS_ST10_2025NOV_02","Observed",2206,"W_PAS_ST10_2025NOV_02","Pascagoula Bay","High Salinity"
"22","W_PAS_ST2_2025NOV_01","Observed",2644,"W_PAS_ST2_2025NOV_01","Pascagoula Bay","Freshwater"
"23","W_PAS_ST2_2025NOV_02","Observed",2651,"W_PAS_ST2_2025NOV_02","Pascagoula Bay","Freshwater"
"24","W_PAS_ST3_2025NOV_01","Observed",2422,"W_PAS_ST3_2025NOV_01","Pascagoula Bay","Freshwater"
"25","W_PAS_ST3_2025NOV_02","Observed",2495,"W_PAS_ST3_2025NOV_02","Pascagoula Bay","Freshwater"
"26","W_PAS_ST4_2025NOV_01","Observed",2763,"W_PAS_ST4_2025NOV_01","Pascagoula Bay","Moderate Salinity"
"27","W_PAS_ST4_2025NOV_02","Observed",2001,"W_PAS_ST4_2025NOV_02","Pascagoula Bay","Moderate Salinity"
"28","W_PAS_ST5_2025NOV_01","Observed",2450,"W_PAS_ST5_2025NOV_01","Pascagoula Bay","Moderate Salinity"
"29","W_PAS_ST5_2025NOV_02","Observed",2128,"W_PAS_ST5_2025NOV_02","Pascagoula Bay","Moderate Salinity"
"30","W_PAS_ST6_2025NOV_01","Observed",2219,"W_PAS_ST6_2025NOV_01","Pascagoula Bay","Moderate Salinity"
"31","W_PAS_ST6_2025NOV_02","Observed",2250,"W_PAS_ST6_2025NOV_02","Pascagoula Bay","Moderate Salinity"
"32","W_PAS_ST7_2025NOV_01","Observed",2312,"W_PAS_ST7_2025NOV_01","Pascagoula Bay","Moderate Salinity"
"33","W_PAS_ST7_2025NOV_02","Observed",2283,"W_PAS_ST7_2025NOV_02","Pascagoula Bay","Moderate Salinity"
"34","W_PAS_ST8_2025NOV_01","Observed",1917,"W_PAS_ST8_2025NOV_01","Pascagoula Bay","High Salinity"
"35","W_PAS_ST8_2025NOV_02","Observed",1978,"W_PAS_ST8_2025NOV_02","Pascagoula Bay","High Salinity"
"36","W_PAS_ST9_2025NOV_01","Observed",535,"W_PAS_ST9_2025NOV_01","Pascagoula Bay","High Salinity"
"37","W_PAS_ST9_2025NOV_02","Observed",2316,"W_PAS_ST9_2025NOV_02","Pascagoula Bay","High Salinity"
"38","W_BIL_ST1_2025NOV_01","Chao1",1528.63157894737,"W_BIL_ST1_2025NOV_01","Biloxi Bay","Freshwater"
"39","W_BIL_ST1_2025NOV_02","Chao1",1885.94039735099,"W_BIL_ST1_2025NOV_02","Biloxi Bay","Freshwater"
"40","W_BIL_ST2_2025NOV_01","Chao1",1673.35537190083,"W_BIL_ST2_2025NOV_01","Biloxi Bay","Freshwater"
"41","W_BIL_ST2_2025NOV_02","Chao1",1944.46212121212,"W_BIL_ST2_2025NOV_02","Biloxi Bay","Freshwater"
"42","W_BIL_ST3_2025NOV_01","Chao1",1808.91304347826,"W_BIL_ST3_2025NOV_01","Biloxi Bay","Freshwater"
"43","W_BIL_ST3_2025NOV_02","Chao1",1703.46,"W_BIL_ST3_2025NOV_02","Biloxi Bay","Freshwater"
"44","W_BIL_ST4_2025NOV_01","Chao1",1805.43650793651,"W_BIL_ST4_2025NOV_01","Biloxi Bay","Moderate Salinity"
"45","W_BIL_ST5_2025NOV_01","Chao1",2094.88439306358,"W_BIL_ST5_2025NOV_01","Biloxi Bay","Moderate Salinity"
"46","W_BIL_ST5_2025NOV_02","Chao1",2176.13125,"W_BIL_ST5_2025NOV_02","Biloxi Bay","Moderate Salinity"
"47","W_BIL_ST6_2025NOV_01","Chao1",1879.52542372881,"W_BIL_ST6_2025NOV_01","Biloxi Bay","Moderate Salinity"
"48","W_BIL_ST6_2025NOV_02","Chao1",1925.43902439024,"W_BIL_ST6_2025NOV_02","Biloxi Bay","Moderate Salinity"
"49","W_BIL_ST7_2025NOV_01","Chao1",1637.8875,"W_BIL_ST7_2025NOV_01","Biloxi Bay","Moderate Salinity"
"50","W_BIL_ST7_2025NOV_02","Chao1",1914.52293577982,"W_BIL_ST7_2025NOV_02","Biloxi Bay","Moderate Salinity"
"51","W_BIL_ST8_2025NOV_01","Chao1",2070.37984496124,"W_BIL_ST8_2025NOV_01","Biloxi Bay","High Salinity"
"52","W_BIL_ST8_2025NOV_02","Chao1",2176.79310344828,"W_BIL_ST8_2025NOV_02","Biloxi Bay","High Salinity"
"53","W_BIL_ST9_2025NOV_01","Chao1",2033.82786885246,"W_BIL_ST9_2025NOV_01","Biloxi Bay","High Salinity"
"54","W_BIL_ST9_2025NOV_02","Chao1",2095.34532374101,"W_BIL_ST9_2025NOV_02","Biloxi Bay","High Salinity"
"55","W_PAS_ST1_2025NOV_01","Chao1",3047.45098039216,"W_PAS_ST1_2025NOV_01","Pascagoula Bay","Freshwater"
"56","W_PAS_ST1_2025NOV_02","Chao1",2532.86224489796,"W_PAS_ST1_2025NOV_02","Pascagoula Bay","Freshwater"
"57","W_PAS_ST10_2025NOV_01","Chao1",2470.07633587786,"W_PAS_ST10_2025NOV_01","Pascagoula Bay","High Salinity"
"58","W_PAS_ST10_2025NOV_02","Chao1",2365.74074074074,"W_PAS_ST10_2025NOV_02","Pascagoula Bay","High Salinity"
"59","W_PAS_ST2_2025NOV_01","Chao1",2945.96911196911,"W_PAS_ST2_2025NOV_01","Pascagoula Bay","Freshwater"
"60","W_PAS_ST2_2025NOV_02","Chao1",2900.7280334728,"W_PAS_ST2_2025NOV_02","Pascagoula Bay","Freshwater"
"61","W_PAS_ST3_2025NOV_01","Chao1",2686.2027027027,"W_PAS_ST3_2025NOV_01","Pascagoula Bay","Freshwater"
"62","W_PAS_ST3_2025NOV_02","Chao1",2766.97297297297,"W_PAS_ST3_2025NOV_02","Pascagoula Bay","Freshwater"
"63","W_PAS_ST4_2025NOV_01","Chao1",3064.96896551724,"W_PAS_ST4_2025NOV_01","Pascagoula Bay","Moderate Salinity"
"64","W_PAS_ST4_2025NOV_02","Chao1",2142.10734463277,"W_PAS_ST4_2025NOV_02","Pascagoula Bay","Moderate Salinity"
"65","W_PAS_ST5_2025NOV_01","Chao1",2733.61570247934,"W_PAS_ST5_2025NOV_01","Pascagoula Bay","Moderate Salinity"
"66","W_PAS_ST5_2025NOV_02","Chao1",2288.19095477387,"W_PAS_ST5_2025NOV_02","Pascagoula Bay","Moderate Salinity"
"67","W_PAS_ST6_2025NOV_01","Chao1",2411.2247706422,"W_PAS_ST6_2025NOV_01","Pascagoula Bay","Moderate Salinity"
"68","W_PAS_ST6_2025NOV_02","Chao1",2485.5145631068,"W_PAS_ST6_2025NOV_02","Pascagoula Bay","Moderate Salinity"
"69","W_PAS_ST7_2025NOV_01","Chao1",2494.99126637555,"W_PAS_ST7_2025NOV_01","Pascagoula Bay","Moderate Salinity"
"70","W_PAS_ST7_2025NOV_02","Chao1",2490.63888888889,"W_PAS_ST7_2025NOV_02","Pascagoula Bay","Moderate Salinity"
"71","W_PAS_ST8_2025NOV_01","Chao1",2055.46875,"W_PAS_ST8_2025NOV_01","Pascagoula Bay","High Salinity"
"72","W_PAS_ST8_2025NOV_02","Chao1",2197.72151898734,"W_PAS_ST8_2025NOV_02","Pascagoula Bay","High Salinity"
"73","W_PAS_ST9_2025NOV_01","Chao1",535,"W_PAS_ST9_2025NOV_01","Pascagoula Bay","High Salinity"
"74","W_PAS_ST9_2025NOV_02","Chao1",2498.54081632653,"W_PAS_ST9_2025NOV_02","Pascagoula Bay","High Salinity"
"75","W_BIL_ST1_2025NOV_01","ACE",1514.73427583999,"W_BIL_ST1_2025NOV_01","Biloxi Bay","Freshwater"
"76","W_BIL_ST1_2025NOV_02","ACE",1871.01319000267,"W_BIL_ST1_2025NOV_02","Biloxi Bay","Freshwater"
"77","W_BIL_ST2_2025NOV_01","ACE",1670.12543502284,"W_BIL_ST2_2025NOV_01","Biloxi Bay","Freshwater"
"78","W_BIL_ST2_2025NOV_02","ACE",1918.40437710262,"W_BIL_ST2_2025NOV_02","Biloxi Bay","Freshwater"
"79","W_BIL_ST3_2025NOV_01","ACE",1805.20185257535,"W_BIL_ST3_2025NOV_01","Biloxi Bay","Freshwater"
"80","W_BIL_ST3_2025NOV_02","ACE",1678.10483054733,"W_BIL_ST3_2025NOV_02","Biloxi Bay","Freshwater"
"81","W_BIL_ST4_2025NOV_01","ACE",1796.99857018415,"W_BIL_ST4_2025NOV_01","Biloxi Bay","Moderate Salinity"
"82","W_BIL_ST5_2025NOV_01","ACE",2089.52360914477,"W_BIL_ST5_2025NOV_01","Biloxi Bay","Moderate Salinity"
"83","W_BIL_ST5_2025NOV_02","ACE",2152.16542942076,"W_BIL_ST5_2025NOV_02","Biloxi Bay","Moderate Salinity"
"84","W_BIL_ST6_2025NOV_01","ACE",1867.13152285377,"W_BIL_ST6_2025NOV_01","Biloxi Bay","Moderate Salinity"
"85","W_BIL_ST6_2025NOV_02","ACE",1902.59193457269,"W_BIL_ST6_2025NOV_02","Biloxi Bay","Moderate Salinity"
"86","W_BIL_ST7_2025NOV_01","ACE",1620.33363546041,"W_BIL_ST7_2025NOV_01","Biloxi Bay","Moderate Salinity"
"87","W_BIL_ST7_2025NOV_02","ACE",1885.68273622731,"W_BIL_ST7_2025NOV_02","Biloxi Bay","Moderate Salinity"
"88","W_BIL_ST8_2025NOV_01","ACE",2039.91712812584,"W_BIL_ST8_2025NOV_01","Biloxi Bay","High Salinity"
"89","W_BIL_ST8_2025NOV_02","ACE",2145.90053871957,"W_BIL_ST8_2025NOV_02","Biloxi Bay","High Salinity"
"90","W_BIL_ST9_2025NOV_01","ACE",2006.39391880446,"W_BIL_ST9_2025NOV_01","Biloxi Bay","High Salinity"
"91","W_BIL_ST9_2025NOV_02","ACE",2072.27843438096,"W_BIL_ST9_2025NOV_02","Biloxi Bay","High Salinity"
"92","W_PAS_ST1_2025NOV_01","ACE",3044.12122408758,"W_PAS_ST1_2025NOV_01","Pascagoula Bay","Freshwater"
"93","W_PAS_ST1_2025NOV_02","ACE",2503.08559655691,"W_PAS_ST1_2025NOV_02","Pascagoula Bay","Freshwater"
"94","W_PAS_ST10_2025NOV_01","ACE",2443.27931532284,"W_PAS_ST10_2025NOV_01","Pascagoula Bay","High Salinity"
"95","W_PAS_ST10_2025NOV_02","ACE",2330.09628015928,"W_PAS_ST10_2025NOV_02","Pascagoula Bay","High Salinity"
"96","W_PAS_ST2_2025NOV_01","ACE",2900.33366614953,"W_PAS_ST2_2025NOV_01","Pascagoula Bay","Freshwater"
"97","W_PAS_ST2_2025NOV_02","ACE",2850.0448300553,"W_PAS_ST2_2025NOV_02","Pascagoula Bay","Freshwater"
"98","W_PAS_ST3_2025NOV_01","ACE",2637.11202537636,"W_PAS_ST3_2025NOV_01","Pascagoula Bay","Freshwater"
"99","W_PAS_ST3_2025NOV_02","ACE",2705.05198688986,"W_PAS_ST3_2025NOV_02","Pascagoula Bay","Freshwater"
"100","W_PAS_ST4_2025NOV_01","ACE",3027.38188539776,"W_PAS_ST4_2025NOV_01","Pascagoula Bay","Moderate Salinity"
"101","W_PAS_ST4_2025NOV_02","ACE",2136.66796749748,"W_PAS_ST4_2025NOV_02","Pascagoula Bay","Moderate Salinity"
"102","W_PAS_ST5_2025NOV_01","ACE",2703.37583713577,"W_PAS_ST5_2025NOV_01","Pascagoula Bay","Moderate Salinity"
"103","W_PAS_ST5_2025NOV_02","ACE",2288.25353963734,"W_PAS_ST5_2025NOV_02","Pascagoula Bay","Moderate Salinity"
"104","W_PAS_ST6_2025NOV_01","ACE",2394.14113469589,"W_PAS_ST6_2025NOV_01","Pascagoula Bay","Moderate Salinity"
"105","W_PAS_ST6_2025NOV_02","ACE",2451.65498301088,"W_PAS_ST6_2025NOV_02","Pascagoula Bay","Moderate Salinity"
"106","W_PAS_ST7_2025NOV_01","ACE",2487.2895522883,"W_PAS_ST7_2025NOV_01","Pascagoula Bay","Moderate Salinity"
"107","W_PAS_ST7_2025NOV_02","ACE",2470.17149708586,"W_PAS_ST7_2025NOV_02","Pascagoula Bay","Moderate Salinity"
"108","W_PAS_ST8_2025NOV_01","ACE",2041.3966629874,"W_PAS_ST8_2025NOV_01","Pascagoula Bay","High Salinity"
"109","W_PAS_ST8_2025NOV_02","ACE",2152.24696636762,"W_PAS_ST8_2025NOV_02","Pascagoula Bay","High Salinity"
"110","W_PAS_ST9_2025NOV_01","ACE",535.252818277214,"W_PAS_ST9_2025NOV_01","Pascagoula Bay","High Salinity"
"111","W_PAS_ST9_2025NOV_02","ACE",2467.6952085072,"W_PAS_ST9_2025NOV_02","Pascagoula Bay","High Salinity"
"112","W_BIL_ST1_2025NOV_01","Shannon",6.13102640718076,"W_BIL_ST1_2025NOV_01","Biloxi Bay","Freshwater"
"113","W_BIL_ST1_2025NOV_02","Shannon",6.2128899978285,"W_BIL_ST1_2025NOV_02","Biloxi Bay","Freshwater"
"114","W_BIL_ST2_2025NOV_01","Shannon",6.46971240768553,"W_BIL_ST2_2025NOV_01","Biloxi Bay","Freshwater"
"115","W_BIL_ST2_2025NOV_02","Shannon",6.5826123150661,"W_BIL_ST2_2025NOV_02","Biloxi Bay","Freshwater"
"116","W_BIL_ST3_2025NOV_01","Shannon",6.64487772854803,"W_BIL_ST3_2025NOV_01","Biloxi Bay","Freshwater"
"117","W_BIL_ST3_2025NOV_02","Shannon",6.54491338025943,"W_BIL_ST3_2025NOV_02","Biloxi Bay","Freshwater"
"118","W_BIL_ST4_2025NOV_01","Shannon",6.51928940305238,"W_BIL_ST4_2025NOV_01","Biloxi Bay","Moderate Salinity"
"119","W_BIL_ST5_2025NOV_01","Shannon",6.5890118919708,"W_BIL_ST5_2025NOV_01","Biloxi Bay","Moderate Salinity"
"120","W_BIL_ST5_2025NOV_02","Shannon",6.62057851760574,"W_BIL_ST5_2025NOV_02","Biloxi Bay","Moderate Salinity"
"121","W_BIL_ST6_2025NOV_01","Shannon",6.38034166413003,"W_BIL_ST6_2025NOV_01","Biloxi Bay","Moderate Salinity"
"122","W_BIL_ST6_2025NOV_02","Shannon",6.49106325151629,"W_BIL_ST6_2025NOV_02","Biloxi Bay","Moderate Salinity"
"123","W_BIL_ST7_2025NOV_01","Shannon",6.64171309406604,"W_BIL_ST7_2025NOV_01","Biloxi Bay","Moderate Salinity"
"124","W_BIL_ST7_2025NOV_02","Shannon",6.66169828820729,"W_BIL_ST7_2025NOV_02","Biloxi Bay","Moderate Salinity"
"125","W_BIL_ST8_2025NOV_01","Shannon",6.76010314709383,"W_BIL_ST8_2025NOV_01","Biloxi Bay","High Salinity"
"126","W_BIL_ST8_2025NOV_02","Shannon",6.8071108099378,"W_BIL_ST8_2025NOV_02","Biloxi Bay","High Salinity"
"127","W_BIL_ST9_2025NOV_01","Shannon",6.72415553989832,"W_BIL_ST9_2025NOV_01","Biloxi Bay","High Salinity"
"128","W_BIL_ST9_2025NOV_02","Shannon",6.84319765220613,"W_BIL_ST9_2025NOV_02","Biloxi Bay","High Salinity"
"129","W_PAS_ST1_2025NOV_01","Shannon",7.1837724858209,"W_PAS_ST1_2025NOV_01","Pascagoula Bay","Freshwater"
"130","W_PAS_ST1_2025NOV_02","Shannon",6.99582151071857,"W_PAS_ST1_2025NOV_02","Pascagoula Bay","Freshwater"
"131","W_PAS_ST10_2025NOV_01","Shannon",7.18685771591898,"W_PAS_ST10_2025NOV_01","Pascagoula Bay","High Salinity"
"132","W_PAS_ST10_2025NOV_02","Shannon",7.01927782826747,"W_PAS_ST10_2025NOV_02","Pascagoula Bay","High Salinity"
"133","W_PAS_ST2_2025NOV_01","Shannon",6.84121979198184,"W_PAS_ST2_2025NOV_01","Pascagoula Bay","Freshwater"
"134","W_PAS_ST2_2025NOV_02","Shannon",6.97478013505065,"W_PAS_ST2_2025NOV_02","Pascagoula Bay","Freshwater"
"135","W_PAS_ST3_2025NOV_01","Shannon",6.56336065920596,"W_PAS_ST3_2025NOV_01","Pascagoula Bay","Freshwater"
"136","W_PAS_ST3_2025NOV_02","Shannon",6.63724354798543,"W_PAS_ST3_2025NOV_02","Pascagoula Bay","Freshwater"
"137","W_PAS_ST4_2025NOV_01","Shannon",6.78778629081824,"W_PAS_ST4_2025NOV_01","Pascagoula Bay","Moderate Salinity"
"138","W_PAS_ST4_2025NOV_02","Shannon",6.60627465568183,"W_PAS_ST4_2025NOV_02","Pascagoula Bay","Moderate Salinity"
"139","W_PAS_ST5_2025NOV_01","Shannon",6.70820215425123,"W_PAS_ST5_2025NOV_01","Pascagoula Bay","Moderate Salinity"
"140","W_PAS_ST5_2025NOV_02","Shannon",6.68218521578521,"W_PAS_ST5_2025NOV_02","Pascagoula Bay","Moderate Salinity"
"141","W_PAS_ST6_2025NOV_01","Shannon",6.44137481222266,"W_PAS_ST6_2025NOV_01","Pascagoula Bay","Moderate Salinity"
"142","W_PAS_ST6_2025NOV_02","Shannon",6.59358142666014,"W_PAS_ST6_2025NOV_02","Pascagoula Bay","Moderate Salinity"
"143","W_PAS_ST7_2025NOV_01","Shannon",6.63704267202364,"W_PAS_ST7_2025NOV_01","Pascagoula Bay","Moderate Salinity"
"144","W_PAS_ST7_2025NOV_02","Shannon",6.68114413194289,"W_PAS_ST7_2025NOV_02","Pascagoula Bay","Moderate Salinity"
"145","W_PAS_ST8_2025NOV_01","Shannon",6.49113869700917,"W_PAS_ST8_2025NOV_01","Pascagoula Bay","High Salinity"
"146","W_PAS_ST8_2025NOV_02","Shannon",6.49978662591883,"W_PAS_ST8_2025NOV_02","Pascagoula Bay","High Salinity"
"147","W_PAS_ST9_2025NOV_01","Shannon",5.77768662522574,"W_PAS_ST9_2025NOV_01","Pascagoula Bay","High Salinity"
"148","W_PAS_ST9_2025NOV_02","Shannon",6.88733221357347,"W_PAS_ST9_2025NOV_02","Pascagoula Bay","High Salinity"
"149","W_BIL_ST1_2025NOV_01","Simpson",0.99092591125,"W_BIL_ST1_2025NOV_01","Biloxi Bay","Freshwater"
"150","W_BIL_ST1_2025NOV_02","Simpson",0.9906860675,"W_BIL_ST1_2025NOV_02","Biloxi Bay","Freshwater"
"151","W_BIL_ST2_2025NOV_01","Simpson",0.99608308875,"W_BIL_ST2_2025NOV_01","Biloxi Bay","Freshwater"
"152","W_BIL_ST2_2025NOV_02","Simpson",0.9962432625,"W_BIL_ST2_2025NOV_02","Biloxi Bay","Freshwater"
"153","W_BIL_ST3_2025NOV_01","Simpson",0.9961471575,"W_BIL_ST3_2025NOV_01","Biloxi Bay","Freshwater"
"154","W_BIL_ST3_2025NOV_02","Simpson",0.9962859825,"W_BIL_ST3_2025NOV_02","Biloxi Bay","Freshwater"
"155","W_BIL_ST4_2025NOV_01","Simpson",0.995360775,"W_BIL_ST4_2025NOV_01","Biloxi Bay","Moderate Salinity"
"156","W_BIL_ST5_2025NOV_01","Simpson",0.9950018,"W_BIL_ST5_2025NOV_01","Biloxi Bay","Moderate Salinity"
"157","W_BIL_ST5_2025NOV_02","Simpson",0.99523946,"W_BIL_ST5_2025NOV_02","Biloxi Bay","Moderate Salinity"
"158","W_BIL_ST6_2025NOV_01","Simpson",0.993074005,"W_BIL_ST6_2025NOV_01","Biloxi Bay","Moderate Salinity"
"159","W_BIL_ST6_2025NOV_02","Simpson",0.99452438625,"W_BIL_ST6_2025NOV_02","Biloxi Bay","Moderate Salinity"
"160","W_BIL_ST7_2025NOV_01","Simpson",0.99687715375,"W_BIL_ST7_2025NOV_01","Biloxi Bay","Moderate Salinity"
"161","W_BIL_ST7_2025NOV_02","Simpson",0.9963038325,"W_BIL_ST7_2025NOV_02","Biloxi Bay","Moderate Salinity"
"162","W_BIL_ST8_2025NOV_01","Simpson",0.9970032125,"W_BIL_ST8_2025NOV_01","Biloxi Bay","High Salinity"
"163","W_BIL_ST8_2025NOV_02","Simpson",0.99707915625,"W_BIL_ST8_2025NOV_02","Biloxi Bay","High Salinity"
"164","W_BIL_ST9_2025NOV_01","Simpson",0.99657203875,"W_BIL_ST9_2025NOV_01","Biloxi Bay","High Salinity"
"165","W_BIL_ST9_2025NOV_02","Simpson",0.99734986,"W_BIL_ST9_2025NOV_02","Biloxi Bay","High Salinity"
"166","W_PAS_ST1_2025NOV_01","Simpson",0.99775054,"W_PAS_ST1_2025NOV_01","Pascagoula Bay","Freshwater"
"167","W_PAS_ST1_2025NOV_02","Simpson",0.99738795875,"W_PAS_ST1_2025NOV_02","Pascagoula Bay","Freshwater"
"168","W_PAS_ST10_2025NOV_01","Simpson",0.998400505,"W_PAS_ST10_2025NOV_01","Pascagoula Bay","High Salinity"
"169","W_PAS_ST10_2025NOV_02","Simpson",0.9980160025,"W_PAS_ST10_2025NOV_02","Pascagoula Bay","High Salinity"
"170","W_PAS_ST2_2025NOV_01","Simpson",0.99482580125,"W_PAS_ST2_2025NOV_01","Pascagoula Bay","Freshwater"
"171","W_PAS_ST2_2025NOV_02","Simpson",0.99590147125,"W_PAS_ST2_2025NOV_02","Pascagoula Bay","Freshwater"
"172","W_PAS_ST3_2025NOV_01","Simpson",0.99126410125,"W_PAS_ST3_2025NOV_01","Pascagoula Bay","Freshwater"
"173","W_PAS_ST3_2025NOV_02","Simpson",0.99222065125,"W_PAS_ST3_2025NOV_02","Pascagoula Bay","Freshwater"
"174","W_PAS_ST4_2025NOV_01","Simpson",0.99347743125,"W_PAS_ST4_2025NOV_01","Pascagoula Bay","Moderate Salinity"
"175","W_PAS_ST4_2025NOV_02","Simpson",0.9935888625,"W_PAS_ST4_2025NOV_02","Pascagoula Bay","Moderate Salinity"
"176","W_PAS_ST5_2025NOV_01","Simpson",0.99417374,"W_PAS_ST5_2025NOV_01","Pascagoula Bay","Moderate Salinity"
"177","W_PAS_ST5_2025NOV_02","Simpson",0.994718505,"W_PAS_ST5_2025NOV_02","Pascagoula Bay","Moderate Salinity"
"178","W_PAS_ST6_2025NOV_01","Simpson",0.99109457875,"W_PAS_ST6_2025NOV_01","Pascagoula Bay","Moderate Salinity"
"179","W_PAS_ST6_2025NOV_02","Simpson",0.99330606125,"W_PAS_ST6_2025NOV_02","Pascagoula Bay","Moderate Salinity"
"180","W_PAS_ST7_2025NOV_01","Simpson",0.993390325,"W_PAS_ST7_2025NOV_01","Pascagoula Bay","Moderate Salinity"
"181","W_PAS_ST7_2025NOV_02","Simpson",0.99437659625,"W_PAS_ST7_2025NOV_02","Pascagoula Bay","Moderate Salinity"
"182","W_PAS_ST8_2025NOV_01","Simpson",0.993188955,"W_PAS_ST8_2025NOV_01","Pascagoula Bay","High Salinity"
"183","W_PAS_ST8_2025NOV_02","Simpson",0.99334609,"W_PAS_ST8_2025NOV_02","Pascagoula Bay","High Salinity"
"184","W_PAS_ST9_2025NOV_01","Simpson",0.99358909625,"W_PAS_ST9_2025NOV_01","Pascagoula Bay","High Salinity"
"185","W_PAS_ST9_2025NOV_02","Simpson",0.99653929125,"W_PAS_ST9_2025NOV_02","Pascagoula Bay","High Salinity"
"186","W_BIL_ST1_2025NOV_01","InvSimpson",110.203903394707,"W_BIL_ST1_2025NOV_01","Biloxi Bay","Freshwater"
"187","W_BIL_ST1_2025NOV_02","InvSimpson",107.366034701239,"W_BIL_ST1_2025NOV_02","Biloxi Bay","Freshwater"
"188","W_BIL_ST2_2025NOV_01","InvSimpson",255.303206065748,"W_BIL_ST2_2025NOV_01","Biloxi Bay","Freshwater"
"189","W_BIL_ST2_2025NOV_02","InvSimpson",266.188414814715,"W_BIL_ST2_2025NOV_02","Biloxi Bay","Freshwater"
"190","W_BIL_ST3_2025NOV_01","InvSimpson",259.548631951604,"W_BIL_ST3_2025NOV_01","Biloxi Bay","Freshwater"
"191","W_BIL_ST3_2025NOV_02","InvSimpson",269.250212202823,"W_BIL_ST3_2025NOV_02","Biloxi Bay","Freshwater"
"192","W_BIL_ST4_2025NOV_01","InvSimpson",215.55324434577,"W_BIL_ST4_2025NOV_01","Biloxi Bay","Moderate Salinity"
"193","W_BIL_ST5_2025NOV_01","InvSimpson",200.072025929335,"W_BIL_ST5_2025NOV_01","Biloxi Bay","Moderate Salinity"
"194","W_BIL_ST5_2025NOV_02","InvSimpson",210.060203254253,"W_BIL_ST5_2025NOV_02","Biloxi Bay","Moderate Salinity"
"195","W_BIL_ST6_2025NOV_01","InvSimpson",144.383586762624,"W_BIL_ST6_2025NOV_01","Biloxi Bay","Moderate Salinity"
"196","W_BIL_ST6_2025NOV_02","InvSimpson",182.627929152235,"W_BIL_ST6_2025NOV_02","Biloxi Bay","Moderate Salinity"
"197","W_BIL_ST7_2025NOV_01","InvSimpson",320.220696103754,"W_BIL_ST7_2025NOV_01","Biloxi Bay","Moderate Salinity"
"198","W_BIL_ST7_2025NOV_02","InvSimpson",270.55050941279,"W_BIL_ST7_2025NOV_02","Biloxi Bay","Moderate Salinity"
"199","W_BIL_ST8_2025NOV_01","InvSimpson",333.690660415527,"W_BIL_ST8_2025NOV_01","Biloxi Bay","High Salinity"
"200","W_BIL_ST8_2025NOV_02","InvSimpson",342.366824654689,"W_BIL_ST8_2025NOV_02","Biloxi Bay","High Salinity"
"201","W_BIL_ST9_2025NOV_01","InvSimpson",291.718583458316,"W_BIL_ST9_2025NOV_01","Biloxi Bay","High Salinity"
"202","W_BIL_ST9_2025NOV_02","InvSimpson",377.338555698943,"W_BIL_ST9_2025NOV_02","Biloxi Bay","High Salinity"
"203","W_PAS_ST1_2025NOV_01","InvSimpson",444.551136717255,"W_PAS_ST1_2025NOV_01","Pascagoula Bay","Freshwater"
"204","W_PAS_ST1_2025NOV_02","InvSimpson",382.842346000468,"W_PAS_ST1_2025NOV_02","Pascagoula Bay","Freshwater"
"205","W_PAS_ST10_2025NOV_01","InvSimpson",625.197327906619,"W_PAS_ST10_2025NOV_01","Pascagoula Bay","High Salinity"
"206","W_PAS_ST10_2025NOV_02","InvSimpson",504.032893186609,"W_PAS_ST10_2025NOV_02","Pascagoula Bay","High Salinity"
"207","W_PAS_ST2_2025NOV_01","InvSimpson",193.266638626899,"W_PAS_ST2_2025NOV_01","Pascagoula Bay","Freshwater"
"208","W_PAS_ST2_2025NOV_02","InvSimpson",243.989992750448,"W_PAS_ST2_2025NOV_02","Pascagoula Bay","Freshwater"
"209","W_PAS_ST3_2025NOV_01","InvSimpson",114.470191175235,"W_PAS_ST3_2025NOV_01","Pascagoula Bay","Freshwater"
"210","W_PAS_ST3_2025NOV_02","InvSimpson",128.545464683018,"W_PAS_ST3_2025NOV_02","Pascagoula Bay","Freshwater"
"211","W_PAS_ST4_2025NOV_01","InvSimpson",153.313830536474,"W_PAS_ST4_2025NOV_01","Pascagoula Bay","Moderate Salinity"
"212","W_PAS_ST4_2025NOV_02","InvSimpson",155.978560746826,"W_PAS_ST4_2025NOV_02","Pascagoula Bay","Moderate Salinity"
"213","W_PAS_ST5_2025NOV_01","InvSimpson",171.636693178815,"W_PAS_ST5_2025NOV_01","Pascagoula Bay","Moderate Salinity"
"214","W_PAS_ST5_2025NOV_02","InvSimpson",189.34032882735,"W_PAS_ST5_2025NOV_02","Pascagoula Bay","Moderate Salinity"
"215","W_PAS_ST6_2025NOV_01","InvSimpson",112.291150741465,"W_PAS_ST6_2025NOV_01","Pascagoula Bay","Moderate Salinity"
"216","W_PAS_ST6_2025NOV_02","InvSimpson",149.388878110067,"W_PAS_ST6_2025NOV_02","Pascagoula Bay","Moderate Salinity"
"217","W_PAS_ST7_2025NOV_01","InvSimpson",151.293369189862,"W_PAS_ST7_2025NOV_01","Pascagoula Bay","Moderate Salinity"
"218","W_PAS_ST7_2025NOV_02","InvSimpson",177.828241480972,"W_PAS_ST7_2025NOV_02","Pascagoula Bay","Moderate Salinity"
"219","W_PAS_ST8_2025NOV_01","InvSimpson",146.820348419369,"W_PAS_ST8_2025NOV_01","Pascagoula Bay","High Salinity"
"220","W_PAS_ST8_2025NOV_02","InvSimpson",150.28757527529,"W_PAS_ST8_2025NOV_02","Pascagoula Bay","High Salinity"
"221","W_PAS_ST9_2025NOV_01","InvSimpson",155.984247930723,"W_PAS_ST9_2025NOV_01","Pascagoula Bay","High Salinity"
"222","W_PAS_ST9_2025NOV_02","InvSimpson",288.958150552252,"W_PAS_ST9_2025NOV_02","Pascagoula Bay","High Salinity"
"223","W_BIL_ST1_2025NOV_01","Fisher",292.068860330558,"W_BIL_ST1_2025NOV_01","Biloxi Bay","Freshwater"
"224","W_BIL_ST1_2025NOV_02","Fisher",379.714589508892,"W_BIL_ST1_2025NOV_02","Biloxi Bay","Freshwater"
"225","W_BIL_ST2_2025NOV_01","Fisher",328.715828184154,"W_BIL_ST2_2025NOV_01","Biloxi Bay","Freshwater"
"226","W_BIL_ST2_2025NOV_02","Fisher",389.267441886179,"W_BIL_ST2_2025NOV_02","Biloxi Bay","Freshwater"
"227","W_BIL_ST3_2025NOV_01","Fisher",383.800885873746,"W_BIL_ST3_2025NOV_01","Biloxi Bay","Freshwater"
"228","W_BIL_ST3_2025NOV_02","Fisher",328.715828184154,"W_BIL_ST3_2025NOV_02","Biloxi Bay","Freshwater"
"229","W_BIL_ST4_2025NOV_01","Fisher",362.142922176747,"W_BIL_ST4_2025NOV_01","Biloxi Bay","Moderate Salinity"
"230","W_BIL_ST5_2025NOV_01","Fisher",440.240137190539,"W_BIL_ST5_2025NOV_01","Biloxi Bay","Moderate Salinity"
"231","W_BIL_ST5_2025NOV_02","Fisher",458.181278215031,"W_BIL_ST5_2025NOV_02","Biloxi Bay","Moderate Salinity"
"232","W_BIL_ST6_2025NOV_01","Fisher",393.655591964256,"W_BIL_ST6_2025NOV_01","Biloxi Bay","Moderate Salinity"
"233","W_BIL_ST6_2025NOV_02","Fisher",397.506064727316,"W_BIL_ST6_2025NOV_02","Biloxi Bay","Moderate Salinity"
"234","W_BIL_ST7_2025NOV_01","Fisher",325.054047544714,"W_BIL_ST7_2025NOV_01","Biloxi Bay","Moderate Salinity"
"235","W_BIL_ST7_2025NOV_02","Fisher",390.637317319974,"W_BIL_ST7_2025NOV_02","Biloxi Bay","Moderate Salinity"
"236","W_BIL_ST8_2025NOV_01","Fisher",429.234011890345,"W_BIL_ST8_2025NOV_01","Biloxi Bay","High Salinity"
"237","W_BIL_ST8_2025NOV_02","Fisher",455.891986226966,"W_BIL_ST8_2025NOV_02","Biloxi Bay","High Salinity"
"238","W_BIL_ST9_2025NOV_01","Fisher",425.021407579262,"W_BIL_ST9_2025NOV_01","Biloxi Bay","High Salinity"
"239","W_BIL_ST9_2025NOV_02","Fisher",440.806626416423,"W_BIL_ST9_2025NOV_02","Biloxi Bay","High Salinity"
"240","W_PAS_ST1_2025NOV_01","Fisher",701.613475554628,"W_PAS_ST1_2025NOV_01","Pascagoula Bay","Freshwater"
"241","W_PAS_ST1_2025NOV_02","Fisher",540.907647301192,"W_PAS_ST1_2025NOV_02","Pascagoula Bay","Freshwater"
"242","W_PAS_ST10_2025NOV_01","Fisher",560.52900074731,"W_PAS_ST10_2025NOV_01","Pascagoula Bay","High Salinity"
"243","W_PAS_ST10_2025NOV_02","Fisher",502.577729963409,"W_PAS_ST10_2025NOV_02","Pascagoula Bay","High Salinity"
"244","W_PAS_ST2_2025NOV_01","Fisher",636.004333006386,"W_PAS_ST2_2025NOV_01","Pascagoula Bay","Freshwater"
"245","W_PAS_ST2_2025NOV_02","Fisher",638.211715877025,"W_PAS_ST2_2025NOV_02","Pascagoula Bay","Freshwater"
"246","W_PAS_ST3_2025NOV_01","Fisher",567.216506848377,"W_PAS_ST3_2025NOV_01","Pascagoula Bay","Freshwater"
"247","W_PAS_ST3_2025NOV_02","Fisher",589.574516093561,"W_PAS_ST3_2025NOV_02","Pascagoula Bay","Freshwater"
"248","W_PAS_ST4_2025NOV_01","Fisher",673.846959895831,"W_PAS_ST4_2025NOV_01","Pascagoula Bay","Moderate Salinity"
"249","W_PAS_ST4_2025NOV_02","Fisher",443.358325004082,"W_PAS_ST4_2025NOV_02","Pascagoula Bay","Moderate Salinity"
"250","W_PAS_ST5_2025NOV_01","Fisher",575.761765919721,"W_PAS_ST5_2025NOV_01","Pascagoula Bay","Moderate Salinity"
"251","W_PAS_ST5_2025NOV_02","Fisher",479.79892999442,"W_PAS_ST5_2025NOV_02","Pascagoula Bay","Moderate Salinity"
"252","W_PAS_ST6_2025NOV_01","Fisher",506.40347861146,"W_PAS_ST6_2025NOV_01","Pascagoula Bay","Moderate Salinity"
"253","W_PAS_ST6_2025NOV_02","Fisher",515.559836246642,"W_PAS_ST6_2025NOV_02","Pascagoula Bay","Moderate Salinity"
"254","W_PAS_ST7_2025NOV_01","Fisher",534.013973073979,"W_PAS_ST7_2025NOV_01","Pascagoula Bay","Moderate Salinity"
"255","W_PAS_ST7_2025NOV_02","Fisher",525.358772558728,"W_PAS_ST7_2025NOV_02","Pascagoula Bay","Moderate Salinity"
"256","W_PAS_ST8_2025NOV_01","Fisher",419.70185928898,"W_PAS_ST8_2025NOV_01","Pascagoula Bay","High Salinity"
"257","W_PAS_ST8_2025NOV_02","Fisher",436.845443273196,"W_PAS_ST8_2025NOV_02","Pascagoula Bay","High Salinity"
"258","W_PAS_ST9_2025NOV_01","Fisher",87.2800767172104,"W_PAS_ST9_2025NOV_01","Pascagoula Bay","High Salinity"
"259","W_PAS_ST9_2025NOV_02","Fisher",535.211018867006,"W_PAS_ST9_2025NOV_02","Pascagoula Bay","High Salinity"
"260","W_BIL_ST1_2025NOV_01","Pielou",0.843134794033725,"W_BIL_ST1_2025NOV_01","Biloxi Bay","Freshwater"
"261","W_BIL_ST1_2025NOV_02","Pielou",0.83061535462153,"W_BIL_ST1_2025NOV_02","Biloxi Bay","Freshwater"
"262","W_BIL_ST2_2025NOV_01","Pielou",0.878343307204717,"W_BIL_ST2_2025NOV_01","Biloxi Bay","Freshwater"
"263","W_BIL_ST2_2025NOV_02","Pielou",0.877749136166746,"W_BIL_ST2_2025NOV_02","Biloxi Bay","Freshwater"
"264","W_BIL_ST3_2025NOV_01","Pielou",0.887368759664138,"W_BIL_ST3_2025NOV_01","Biloxi Bay","Freshwater"
"265","W_BIL_ST3_2025NOV_02","Pielou",0.888552767346579,"W_BIL_ST3_2025NOV_02","Biloxi Bay","Freshwater"
"266","W_BIL_ST4_2025NOV_01","Pielou",0.875955092718529,"W_BIL_ST4_2025NOV_01","Biloxi Bay","Moderate Salinity"
"267","W_BIL_ST5_2025NOV_01","Pielou",0.867444363115499,"W_BIL_ST5_2025NOV_01","Biloxi Bay","Moderate Salinity"
"268","W_BIL_ST5_2025NOV_02","Pielou",0.86803837385997,"W_BIL_ST5_2025NOV_02","Biloxi Bay","Moderate Salinity"
"269","W_BIL_ST6_2025NOV_01","Pielou",0.849778737145063,"W_BIL_ST6_2025NOV_01","Biloxi Bay","Moderate Salinity"
"270","W_BIL_ST6_2025NOV_02","Pielou",0.863645428760408,"W_BIL_ST6_2025NOV_02","Biloxi Bay","Moderate Salinity"
"271","W_BIL_ST7_2025NOV_01","Pielou",0.902784681747266,"W_BIL_ST7_2025NOV_01","Biloxi Bay","Moderate Salinity"
"272","W_BIL_ST7_2025NOV_02","Pielou",0.887967567868842,"W_BIL_ST7_2025NOV_02","Biloxi Bay","Moderate Salinity"
"273","W_BIL_ST8_2025NOV_01","Pielou",0.892293596974538,"W_BIL_ST8_2025NOV_01","Biloxi Bay","High Salinity"
"274","W_BIL_ST8_2025NOV_02","Pielou",0.892952135263612,"W_BIL_ST8_2025NOV_02","Biloxi Bay","High Salinity"
"275","W_BIL_ST9_2025NOV_01","Pielou",0.888453829008555,"W_BIL_ST9_2025NOV_01","Biloxi Bay","High Salinity"
"276","W_BIL_ST9_2025NOV_02","Pielou",0.900788829952138,"W_BIL_ST9_2025NOV_02","Biloxi Bay","High Salinity"
"277","W_PAS_ST1_2025NOV_01","Pielou",0.903082632008889,"W_PAS_ST1_2025NOV_01","Pascagoula Bay","Freshwater"
"278","W_PAS_ST1_2025NOV_02","Pielou",0.902015410891411,"W_PAS_ST1_2025NOV_02","Pascagoula Bay","Freshwater"
"279","W_PAS_ST10_2025NOV_01","Pielou",0.923377985887936,"W_PAS_ST10_2025NOV_01","Pascagoula Bay","High Salinity"
"280","W_PAS_ST10_2025NOV_02","Pielou",0.911720482686628,"W_PAS_ST10_2025NOV_02","Pascagoula Bay","High Salinity"
"281","W_PAS_ST2_2025NOV_01","Pielou",0.868169790019603,"W_PAS_ST2_2025NOV_01","Pascagoula Bay","Freshwater"
"282","W_PAS_ST2_2025NOV_02","Pielou",0.884822082674493,"W_PAS_ST2_2025NOV_02","Pascagoula Bay","Freshwater"
"283","W_PAS_ST3_2025NOV_01","Pielou",0.842282695901356,"W_PAS_ST3_2025NOV_01","Pascagoula Bay","Freshwater"
"284","W_PAS_ST3_2025NOV_02","Pielou",0.848530581142177,"W_PAS_ST3_2025NOV_02","Pascagoula Bay","Freshwater"
"285","W_PAS_ST4_2025NOV_01","Pielou",0.856603273227171,"W_PAS_ST4_2025NOV_01","Pascagoula Bay","Moderate Salinity"
"286","W_PAS_ST4_2025NOV_02","Pielou",0.869086303408198,"W_PAS_ST4_2025NOV_02","Pascagoula Bay","Moderate Salinity"
"287","W_PAS_ST5_2025NOV_01","Pielou",0.859602364287516,"W_PAS_ST5_2025NOV_01","Pascagoula Bay","Moderate Salinity"
"288","W_PAS_ST5_2025NOV_02","Pielou",0.87201349484816,"W_PAS_ST5_2025NOV_02","Pascagoula Bay","Moderate Salinity"
"289","W_PAS_ST6_2025NOV_01","Pielou",0.836019733726473,"W_PAS_ST6_2025NOV_01","Pascagoula Bay","Moderate Salinity"
"290","W_PAS_ST6_2025NOV_02","Pielou",0.854236311449894,"W_PAS_ST6_2025NOV_02","Pascagoula Bay","Moderate Salinity"
"291","W_PAS_ST7_2025NOV_01","Pielou",0.856849416376095,"W_PAS_ST7_2025NOV_01","Pascagoula Bay","Moderate Salinity"
"292","W_PAS_ST7_2025NOV_02","Pielou",0.863950847719544,"W_PAS_ST7_2025NOV_02","Pascagoula Bay","Moderate Salinity"
"293","W_PAS_ST8_2025NOV_01","Pielou",0.858784721616376,"W_PAS_ST8_2025NOV_01","Pascagoula Bay","High Salinity"
"294","W_PAS_ST8_2025NOV_02","Pielou",0.856379756479216,"W_PAS_ST8_2025NOV_02","Pascagoula Bay","High Salinity"
"295","W_PAS_ST9_2025NOV_01","Pielou",0.919681837464229,"W_PAS_ST9_2025NOV_01","Pascagoula Bay","High Salinity"
"296","W_PAS_ST9_2025NOV_02","Pielou",0.888963682154561,"W_PAS_ST9_2025NOV_02","Pascagoula Bay","High Salinity"
"297","W_BIL_ST1_2025NOV_01","Coverage",0.996725,"W_BIL_ST1_2025NOV_01","Biloxi Bay","Freshwater"
"298","W_BIL_ST1_2025NOV_02","Coverage",0.99535,"W_BIL_ST1_2025NOV_02","Biloxi Bay","Freshwater"
"299","W_BIL_ST2_2025NOV_01","Coverage",0.99625,"W_BIL_ST2_2025NOV_01","Biloxi Bay","Freshwater"
"300","W_BIL_ST2_2025NOV_02","Coverage",0.995225,"W_BIL_ST2_2025NOV_02","Biloxi Bay","Freshwater"
"301","W_BIL_ST3_2025NOV_01","Coverage",0.9984,"W_BIL_ST3_2025NOV_01","Biloxi Bay","Freshwater"
"302","W_BIL_ST3_2025NOV_02","Coverage",0.996075,"W_BIL_ST3_2025NOV_02","Biloxi Bay","Freshwater"
"303","W_BIL_ST4_2025NOV_01","Coverage",0.99605,"W_BIL_ST4_2025NOV_01","Biloxi Bay","Moderate Salinity"
"304","W_BIL_ST5_2025NOV_01","Coverage",0.995225,"W_BIL_ST5_2025NOV_01","Biloxi Bay","Moderate Salinity"
"305","W_BIL_ST5_2025NOV_02","Coverage",0.995025,"W_BIL_ST5_2025NOV_02","Biloxi Bay","Moderate Salinity"
"306","W_BIL_ST6_2025NOV_01","Coverage",0.9971,"W_BIL_ST6_2025NOV_01","Biloxi Bay","Moderate Salinity"
"307","W_BIL_ST6_2025NOV_02","Coverage",0.9963,"W_BIL_ST6_2025NOV_02","Biloxi Bay","Moderate Salinity"
"308","W_BIL_ST7_2025NOV_01","Coverage",0.997325,"W_BIL_ST7_2025NOV_01","Biloxi Bay","Moderate Salinity"
"309","W_BIL_ST7_2025NOV_02","Coverage",0.99625,"W_BIL_ST7_2025NOV_02","Biloxi Bay","Moderate Salinity"
"310","W_BIL_ST8_2025NOV_01","Coverage",0.9956,"W_BIL_ST8_2025NOV_01","Biloxi Bay","High Salinity"
"311","W_BIL_ST8_2025NOV_02","Coverage",0.9951,"W_BIL_ST8_2025NOV_02","Biloxi Bay","High Salinity"
"312","W_BIL_ST9_2025NOV_01","Coverage",0.996125,"W_BIL_ST9_2025NOV_01","Biloxi Bay","High Salinity"
"313","W_BIL_ST9_2025NOV_02","Coverage",0.99575,"W_BIL_ST9_2025NOV_02","Biloxi Bay","High Salinity"
"314","W_PAS_ST1_2025NOV_01","Coverage",0.991275,"W_PAS_ST1_2025NOV_01","Pascagoula Bay","Freshwater"
"315","W_PAS_ST1_2025NOV_02","Coverage",0.993025,"W_PAS_ST1_2025NOV_02","Pascagoula Bay","Freshwater"
"316","W_PAS_ST10_2025NOV_01","Coverage",0.9966,"W_PAS_ST10_2025NOV_01","Pascagoula Bay","High Salinity"
"317","W_PAS_ST10_2025NOV_02","Coverage",0.9943,"W_PAS_ST10_2025NOV_02","Pascagoula Bay","High Salinity"
"318","W_PAS_ST2_2025NOV_01","Coverage",0.9901,"W_PAS_ST2_2025NOV_01","Pascagoula Bay","Freshwater"
"319","W_PAS_ST2_2025NOV_02","Coverage",0.99135,"W_PAS_ST2_2025NOV_02","Pascagoula Bay","Freshwater"
"320","W_PAS_ST3_2025NOV_01","Coverage",0.991425,"W_PAS_ST3_2025NOV_01","Pascagoula Bay","Freshwater"
"321","W_PAS_ST3_2025NOV_02","Coverage",0.9913,"W_PAS_ST3_2025NOV_02","Pascagoula Bay","Freshwater"
"322","W_PAS_ST4_2025NOV_01","Coverage",0.989525,"W_PAS_ST4_2025NOV_01","Pascagoula Bay","Moderate Salinity"
"323","W_PAS_ST4_2025NOV_02","Coverage",0.9944,"W_PAS_ST4_2025NOV_02","Pascagoula Bay","Moderate Salinity"
"324","W_PAS_ST5_2025NOV_01","Coverage",0.990725,"W_PAS_ST5_2025NOV_01","Pascagoula Bay","Moderate Salinity"
"325","W_PAS_ST5_2025NOV_02","Coverage",0.993675,"W_PAS_ST5_2025NOV_02","Pascagoula Bay","Moderate Salinity"
"326","W_PAS_ST6_2025NOV_01","Coverage",0.99275,"W_PAS_ST6_2025NOV_01","Pascagoula Bay","Moderate Salinity"
"327","W_PAS_ST6_2025NOV_02","Coverage",0.9922,"W_PAS_ST6_2025NOV_02","Pascagoula Bay","Moderate Salinity"
"328","W_PAS_ST7_2025NOV_01","Coverage",0.99275,"W_PAS_ST7_2025NOV_01","Pascagoula Bay","Moderate Salinity"
"329","W_PAS_ST7_2025NOV_02","Coverage",0.9925,"W_PAS_ST7_2025NOV_02","Pascagoula Bay","Moderate Salinity"
"330","W_PAS_ST8_2025NOV_01","Coverage",0.994725,"W_PAS_ST8_2025NOV_01","Pascagoula Bay","High Salinity"
"331","W_PAS_ST8_2025NOV_02","Coverage",0.9934,"W_PAS_ST8_2025NOV_02","Pascagoula Bay","High Salinity"
"332","W_PAS_ST9_2025NOV_01","Coverage",0.999975,"W_PAS_ST9_2025NOV_01","Pascagoula Bay","High Salinity"
"333","W_PAS_ST9_2025NOV_02","Coverage",0.9933,"W_PAS_ST9_2025NOV_02","Pascagoula Bay","High Salinity"
