Location,Subcommunity,TaxRank,Site1,Site2,Bray,Geo_km,Env_distance,Salinity_difference
Biloxi Bay,Abundant,ASV,BIL_ST2,BIL_ST1,0.45328975066082117,2.4523137072883165,1.6817447108223464,3.7799999999999994
Biloxi Bay,Abundant,ASV,BIL_ST3,BIL_ST1,0.7809409600502982,4.924946146929427,2.5942982435868673,5.83
Biloxi Bay,Abundant,ASV,BIL_ST4,BIL_ST1,0.913837180725911,7.625200369705529,3.6935592733697735,7.66
Biloxi Bay,Abundant,ASV,BIL_ST5,BIL_ST1,0.940501127081607,7.534061042212609,4.95639756222932,9.43
Biloxi Bay,Abundant,ASV,BIL_ST6,BIL_ST1,0.9520873939934805,5.2264436749659975,5.78898440570614,10.06
Biloxi Bay,Abundant,ASV,BIL_ST7,BIL_ST1,0.9384135945201976,3.923759708918449,5.649225460967177,11.38
Biloxi Bay,Abundant,ASV,BIL_ST8,BIL_ST1,0.9389856322333369,6.188202358264256,6.257474076514995,12.729999999999999
Biloxi Bay,Abundant,ASV,BIL_ST9,BIL_ST1,0.9402531450438334,7.100625844543973,6.288378639533549,12.67
Biloxi Bay,Abundant,ASV,BIL_ST3,BIL_ST2,0.3453250840639203,2.479889432091768,1.3787288054462645,2.0500000000000007
Biloxi Bay,Abundant,ASV,BIL_ST4,BIL_ST2,0.49055175676369034,5.204038889001725,2.666348315601008,3.880000000000001
Biloxi Bay,Abundant,ASV,BIL_ST5,BIL_ST2,0.5428238505646195,5.462992234982792,4.029984418192875,5.65
Biloxi Bay,Abundant,ASV,BIL_ST6,BIL_ST2,0.5849361521210225,4.036473947450512,4.984113562340889,6.280000000000001
Biloxi Bay,Abundant,ASV,BIL_ST7,BIL_ST2,0.5092063697003771,4.423717400868642,4.5278216049220275,7.600000000000001
Biloxi Bay,Abundant,ASV,BIL_ST8,BIL_ST2,0.5009241499647352,7.767330268341288,5.127153303572157,8.95
Biloxi Bay,Abundant,ASV,BIL_ST9,BIL_ST2,0.4999805018019779,8.666945462177791,5.191194134279291,8.89
Biloxi Bay,Abundant,ASV,BIL_ST4,BIL_ST3,0.15546794964182395,2.741172629156298,1.4234826202275745,1.83
Biloxi Bay,Abundant,ASV,BIL_ST5,BIL_ST3,0.2129701678832255,3.625447301749581,2.8877294668081293,3.5999999999999996
Biloxi Bay,Abundant,ASV,BIL_ST6,BIL_ST3,0.27991817900601657,3.912818427985623,3.92393339970335,4.23
Biloxi Bay,Abundant,ASV,BIL_ST7,BIL_ST3,0.2477730630502966,5.819144526745424,3.258615022028578,5.550000000000001
Biloxi Bay,Abundant,ASV,BIL_ST8,BIL_ST3,0.3239342687320942,9.584281141801412,3.8538931567141934,6.899999999999999
Biloxi Bay,Abundant,ASV,BIL_ST9,BIL_ST3,0.3493806738798393,10.436511107130958,3.904814031565072,6.84
Biloxi Bay,Abundant,ASV,BIL_ST5,BIL_ST4,0.06271064450396303,2.5604480152713722,1.4811273103882527,1.7699999999999996
Biloxi Bay,Abundant,ASV,BIL_ST6,BIL_ST4,0.14086162586917853,5.013070994466372,2.5374966823285425,2.4000000000000004
Biloxi Bay,Abundant,ASV,BIL_ST7,BIL_ST4,0.20010824485083814,7.749297726496992,2.061797261417825,3.7200000000000006
Biloxi Bay,Abundant,ASV,BIL_ST8,BIL_ST4,0.27874577659115385,11.63252524666425,2.6210834317788003,5.0699999999999985
Biloxi Bay,Abundant,ASV,BIL_ST9,BIL_ST4,0.308524815887262,12.416291018602198,2.645490611175981,5.01
Biloxi Bay,Abundant,ASV,BIL_ST6,BIL_ST5,0.0891311855550852,3.2773496337228654,1.085866668527017,0.6300000000000008
Biloxi Bay,Abundant,ASV,BIL_ST7,BIL_ST5,0.16936945567475706,6.357932819440825,1.4455313205428908,1.950000000000001
Biloxi Bay,Abundant,ASV,BIL_ST8,BIL_ST5,0.24033034769627706,10.149287020235441,1.774994858676821,3.299999999999999
Biloxi Bay,Abundant,ASV,BIL_ST9,BIL_ST5,0.2742246529774328,10.834132111193693,1.7536697751043786,3.24
Biloxi Bay,Abundant,ASV,BIL_ST7,BIL_ST6,0.2002158203567651,3.0982937176586067,2.0431769336576417,1.3200000000000003
Biloxi Bay,Abundant,ASV,BIL_ST8,BIL_ST6,0.2729212996649223,6.8745306469883785,2.083756514099894,2.669999999999998
Biloxi Bay,Abundant,ASV,BIL_ST9,BIL_ST6,0.2750589847728049,7.576026675275992,2.0191635344139076,2.6099999999999994
Biloxi Bay,Abundant,ASV,BIL_ST8,BIL_ST7,0.08636187840473161,3.8843483136620143,0.6367399576389234,1.3499999999999979
Biloxi Bay,Abundant,ASV,BIL_ST9,BIL_ST7,0.1176213264342027,4.675918759007039,0.7182341439438349,1.2899999999999991
Biloxi Bay,Abundant,ASV,BIL_ST9,BIL_ST8,0.0806945033375915,0.9148611791020995,0.18549897319492195,0.05999999999999872
Biloxi Bay,CRT,ASV,BIL_ST2,BIL_ST1,0.41996885272042217,2.4523137072883165,1.6817447108223464,3.7799999999999994
Biloxi Bay,CRT,ASV,BIL_ST3,BIL_ST1,0.5460056780835703,4.924946146929427,2.5942982435868673,5.83
Biloxi Bay,CRT,ASV,BIL_ST4,BIL_ST1,0.6330014220362248,7.625200369705529,3.6935592733697735,7.66
Biloxi Bay,CRT,ASV,BIL_ST5,BIL_ST1,0.6546606872499205,7.534061042212609,4.95639756222932,9.43
Biloxi Bay,CRT,ASV,BIL_ST6,BIL_ST1,0.6876243122824441,5.2264436749659975,5.78898440570614,10.06
Biloxi Bay,CRT,ASV,BIL_ST7,BIL_ST1,0.700483318263257,3.923759708918449,5.649225460967177,11.38
Biloxi Bay,CRT,ASV,BIL_ST8,BIL_ST1,0.7208486339053631,6.188202358264256,6.257474076514995,12.729999999999999
Biloxi Bay,CRT,ASV,BIL_ST9,BIL_ST1,0.7234745884170484,7.100625844543973,6.288378639533549,12.67
Biloxi Bay,CRT,ASV,BIL_ST3,BIL_ST2,0.319135338448069,2.479889432091768,1.3787288054462645,2.0500000000000007
Biloxi Bay,CRT,ASV,BIL_ST4,BIL_ST2,0.427280948686676,5.204038889001725,2.666348315601008,3.880000000000001
Biloxi Bay,CRT,ASV,BIL_ST5,BIL_ST2,0.459710071324195,5.462992234982792,4.029984418192875,5.65
Biloxi Bay,CRT,ASV,BIL_ST6,BIL_ST2,0.508974614589912,4.036473947450512,4.984113562340889,6.280000000000001
Biloxi Bay,CRT,ASV,BIL_ST7,BIL_ST2,0.5122799684161304,4.423717400868642,4.5278216049220275,7.600000000000001
Biloxi Bay,CRT,ASV,BIL_ST8,BIL_ST2,0.5421904103430637,7.767330268341288,5.127153303572157,8.95
Biloxi Bay,CRT,ASV,BIL_ST9,BIL_ST2,0.5380441705207691,8.666945462177791,5.191194134279291,8.89
Biloxi Bay,CRT,ASV,BIL_ST4,BIL_ST3,0.35516259593489075,2.741172629156298,1.4234826202275745,1.83
Biloxi Bay,CRT,ASV,BIL_ST5,BIL_ST3,0.36273573383389685,3.625447301749581,2.8877294668081293,3.5999999999999996
Biloxi Bay,CRT,ASV,BIL_ST6,BIL_ST3,0.3959971838391068,3.912818427985623,3.92393339970335,4.23
Biloxi Bay,CRT,ASV,BIL_ST7,BIL_ST3,0.4052419851449952,5.819144526745424,3.258615022028578,5.550000000000001
Biloxi Bay,CRT,ASV,BIL_ST8,BIL_ST3,0.44222916031446635,9.584281141801412,3.8538931567141934,6.899999999999999
Biloxi Bay,CRT,ASV,BIL_ST9,BIL_ST3,0.4495060931495819,10.436511107130958,3.904814031565072,6.84
Biloxi Bay,CRT,ASV,BIL_ST5,BIL_ST4,0.3125054356130609,2.5604480152713722,1.4811273103882527,1.7699999999999996
Biloxi Bay,CRT,ASV,BIL_ST6,BIL_ST4,0.34037029764874766,5.013070994466372,2.5374966823285425,2.4000000000000004
Biloxi Bay,CRT,ASV,BIL_ST7,BIL_ST4,0.36143984090932807,7.749297726496992,2.061797261417825,3.7200000000000006
Biloxi Bay,CRT,ASV,BIL_ST8,BIL_ST4,0.40450227023557495,11.63252524666425,2.6210834317788003,5.0699999999999985
Biloxi Bay,CRT,ASV,BIL_ST9,BIL_ST4,0.4016972640784323,12.416291018602198,2.645490611175981,5.01
Biloxi Bay,CRT,ASV,BIL_ST6,BIL_ST5,0.24808515374691592,3.2773496337228654,1.085866668527017,0.6300000000000008
Biloxi Bay,CRT,ASV,BIL_ST7,BIL_ST5,0.24635006233064363,6.357932819440825,1.4455313205428908,1.950000000000001
Biloxi Bay,CRT,ASV,BIL_ST8,BIL_ST5,0.25664783272516173,10.149287020235441,1.774994858676821,3.299999999999999
Biloxi Bay,CRT,ASV,BIL_ST9,BIL_ST5,0.28065256690490126,10.834132111193693,1.7536697751043786,3.24
Biloxi Bay,CRT,ASV,BIL_ST7,BIL_ST6,0.2688164873260208,3.0982937176586067,2.0431769336576417,1.3200000000000003
Biloxi Bay,CRT,ASV,BIL_ST8,BIL_ST6,0.29182831933282943,6.8745306469883785,2.083756514099894,2.669999999999998
Biloxi Bay,CRT,ASV,BIL_ST9,BIL_ST6,0.28689211986489765,7.576026675275992,2.0191635344139076,2.6099999999999994
Biloxi Bay,CRT,ASV,BIL_ST8,BIL_ST7,0.23106277769371802,3.8843483136620143,0.6367399576389234,1.3499999999999979
Biloxi Bay,CRT,ASV,BIL_ST9,BIL_ST7,0.23285381245070116,4.675918759007039,0.7182341439438349,1.2899999999999991
Biloxi Bay,CRT,ASV,BIL_ST9,BIL_ST8,0.2106083480012866,0.9148611791020995,0.18549897319492195,0.05999999999999872
Biloxi Bay,Rare,ASV,BIL_ST2,BIL_ST1,0.7189412504877093,2.4523137072883165,1.6817447108223464,3.7799999999999994
Biloxi Bay,Rare,ASV,BIL_ST3,BIL_ST1,0.8033885329532052,4.924946146929427,2.5942982435868673,5.83
Biloxi Bay,Rare,ASV,BIL_ST4,BIL_ST1,0.8632511205138066,7.625200369705529,3.6935592733697735,7.66
Biloxi Bay,Rare,ASV,BIL_ST5,BIL_ST1,0.8635049395642036,7.534061042212609,4.95639756222932,9.43
Biloxi Bay,Rare,ASV,BIL_ST6,BIL_ST1,0.8768837494420856,5.2264436749659975,5.78898440570614,10.06
Biloxi Bay,Rare,ASV,BIL_ST7,BIL_ST1,0.8750813779073439,3.923759708918449,5.649225460967177,11.38
Biloxi Bay,Rare,ASV,BIL_ST8,BIL_ST1,0.8858355624111522,6.188202358264256,6.257474076514995,12.729999999999999
Biloxi Bay,Rare,ASV,BIL_ST9,BIL_ST1,0.89943463019163294,7.100625844543973,6.288378639533549,12.67
Biloxi Bay,Rare,ASV,BIL_ST3,BIL_ST2,0.7068904644632683,2.479889432091768,1.3787288054462645,2.0500000000000007
Biloxi Bay,Rare,ASV,BIL_ST4,BIL_ST2,0.7650079699645006,5.204038889001725,2.666348315601008,3.880000000000001
Biloxi Bay,Rare,ASV,BIL_ST5,BIL_ST2,0.7532446035259279,5.462992234982792,4.029984418192875,5.65
Biloxi Bay,Rare,ASV,BIL_ST6,BIL_ST2,0.7745862019897736,4.036473947450512,4.984113562340889,6.280000000000001
Biloxi Bay,Rare,ASV,BIL_ST7,BIL_ST2,0.7764408104248399,4.423717400868642,4.5278216049220275,7.600000000000001
Biloxi Bay,Rare,ASV,BIL_ST8,BIL_ST2,0.7859829652091819,7.767330268341288,5.127153303572157,8.95
Biloxi Bay,Rare,ASV,BIL_ST9,BIL_ST2,0.8147394301434139,8.666945462177791,5.191194134279291,8.89
Biloxi Bay,Rare,ASV,BIL_ST4,BIL_ST3,0.7240931314729997,2.741172629156298,1.4234826202275745,1.83
Biloxi Bay,Rare,ASV,BIL_ST5,BIL_ST3,0.7121701018247003,3.625447301749581,2.8877294668081293,3.5999999999999996
Biloxi Bay,Rare,ASV,BIL_ST6,BIL_ST3,0.7241930658060542,3.912818427985623,3.92393339970335,4.23
Biloxi Bay,Rare,ASV,BIL_ST7,BIL_ST3,0.7239500804942893,5.819144526745424,3.258615022028578,5.550000000000001
Biloxi Bay,Rare,ASV,BIL_ST8,BIL_ST3,0.7287864248747606,9.584281141801412,3.8538931567141934,6.899999999999999
Biloxi Bay,Rare,ASV,BIL_ST9,BIL_ST3,0.7554876619492219,10.436511107130958,3.904814031565072,6.84
Biloxi Bay,Rare,ASV,BIL_ST5,BIL_ST4,0.7023740136443632,2.5604480152713722,1.4811273103882527,1.7699999999999996
Biloxi Bay,Rare,ASV,BIL_ST6,BIL_ST4,0.713123840528115,5.013070994466372,2.5374966823285425,2.4000000000000004
Biloxi Bay,Rare,ASV,BIL_ST7,BIL_ST4,0.7088021608108791,7.749297726496992,2.061797261417825,3.7200000000000006
Biloxi Bay,Rare,ASV,BIL_ST8,BIL_ST4,0.7328960474916958,11.63252524666425,2.6210834317788003,5.0699999999999985
Biloxi Bay,Rare,ASV,BIL_ST9,BIL_ST4,0.746372299351633,12.416291018602198,2.645490611175981,5.01
Biloxi Bay,Rare,ASV,BIL_ST6,BIL_ST5,0.638993997131567,3.2773496337228654,1.085866668527017,0.6300000000000008
Biloxi Bay,Rare,ASV,BIL_ST7,BIL_ST5,0.6081379892723593,6.357932819440825,1.4455313205428908,1.950000000000001
Biloxi Bay,Rare,ASV,BIL_ST8,BIL_ST5,0.6149259577354089,10.149287020235441,1.774994858676821,3.299999999999999
Biloxi Bay,Rare,ASV,BIL_ST9,BIL_ST5,0.6457922974732897,10.834132111193693,1.7536697751043786,3.24
Biloxi Bay,Rare,ASV,BIL_ST7,BIL_ST6,0.6117353397331506,3.0982937176586067,2.0431769336576417,1.3200000000000003
Biloxi Bay,Rare,ASV,BIL_ST8,BIL_ST6,0.645523353491337,6.8745306469883785,2.083756514099894,2.669999999999998
Biloxi Bay,Rare,ASV,BIL_ST9,BIL_ST6,0.6589373014202781,7.576026675275992,2.0191635344139076,2.6099999999999994
Biloxi Bay,Rare,ASV,BIL_ST8,BIL_ST7,0.5787210405816747,3.8843483136620143,0.6367399576389234,1.3499999999999979
Biloxi Bay,Rare,ASV,BIL_ST9,BIL_ST7,0.6050465860284945,4.675918759007039,0.7182341439438349,1.2899999999999991
Biloxi Bay,Rare,ASV,BIL_ST9,BIL_ST8,0.6084461121618684,0.9148611791020995,0.18549897319492195,0.05999999999999872
Biloxi Bay,Total,ASV,BIL_ST2,BIL_ST1,0.5271444522175905,2.4523137072883165,1.6817447108223464,3.7799999999999994
Biloxi Bay,Total,ASV,BIL_ST3,BIL_ST1,0.6917021025160932,4.924946146929427,2.5942982435868673,5.83
Biloxi Bay,Total,ASV,BIL_ST4,BIL_ST1,0.7795226257832764,7.625200369705529,3.6935592733697735,7.66
Biloxi Bay,Total,ASV,BIL_ST5,BIL_ST1,0.798805432512987,7.534061042212609,4.95639756222932,9.43
Biloxi Bay,Total,ASV,BIL_ST6,BIL_ST1,0.8241115593128279,5.2264436749659975,5.78898440570614,10.06
Biloxi Bay,Total,ASV,BIL_ST7,BIL_ST1,0.8161477365350577,3.923759708918449,5.649225460967177,11.38
Biloxi Bay,Total,ASV,BIL_ST8,BIL_ST1,0.8310447619429624,6.188202358264256,6.257474076514995,12.729999999999999
Biloxi Bay,Total,ASV,BIL_ST9,BIL_ST1,0.8363304545350799,7.100625844543973,6.288378639533549,12.67
Biloxi Bay,Total,ASV,BIL_ST3,BIL_ST2,0.4551122057446546,2.479889432091768,1.3787288054462645,2.0500000000000007
Biloxi Bay,Total,ASV,BIL_ST4,BIL_ST2,0.5528670464717486,5.204038889001725,2.666348315601008,3.880000000000001
Biloxi Bay,Total,ASV,BIL_ST5,BIL_ST2,0.5790172891552985,5.462992234982792,4.029984418192875,5.65
Biloxi Bay,Total,ASV,BIL_ST6,BIL_ST2,0.6181385431262175,4.036473947450512,4.984113562340889,6.280000000000001
Biloxi Bay,Total,ASV,BIL_ST7,BIL_ST2,0.6018563861792212,4.423717400868642,4.5278216049220275,7.600000000000001
Biloxi Bay,Total,ASV,BIL_ST8,BIL_ST2,0.622764608667781,7.767330268341288,5.127153303572157,8.95
Biloxi Bay,Total,ASV,BIL_ST9,BIL_ST2,0.6303752504149421,8.666945462177791,5.191194134279291,8.89
Biloxi Bay,Total,ASV,BIL_ST4,BIL_ST3,0.4356995602726829,2.741172629156298,1.4234826202275745,1.83
Biloxi Bay,Total,ASV,BIL_ST5,BIL_ST3,0.45123102362415335,3.625447301749581,2.8877294668081293,3.5999999999999996
Biloxi Bay,Total,ASV,BIL_ST6,BIL_ST3,0.48218767923716804,3.912818427985623,3.92393339970335,4.23
Biloxi Bay,Total,ASV,BIL_ST7,BIL_ST3,0.48471156039076907,5.819144526745424,3.258615022028578,5.550000000000001
Biloxi Bay,Total,ASV,BIL_ST8,BIL_ST3,0.5260876114838895,9.584281141801412,3.8538931567141934,6.899999999999999
Biloxi Bay,Total,ASV,BIL_ST9,BIL_ST3,0.54335922918603,10.436511107130958,3.904814031565072,6.84
Biloxi Bay,Total,ASV,BIL_ST5,BIL_ST4,0.3900620606574499,2.5604480152713722,1.4811273103882527,1.7699999999999996
Biloxi Bay,Total,ASV,BIL_ST6,BIL_ST4,0.41938950606788,5.013070994466372,2.5374966823285425,2.4000000000000004
Biloxi Bay,Total,ASV,BIL_ST7,BIL_ST4,0.44795272035460915,7.749297726496992,2.061797261417825,3.7200000000000006
Biloxi Bay,Total,ASV,BIL_ST8,BIL_ST4,0.5004650708995525,11.63252524666425,2.6210834317788003,5.0699999999999985
Biloxi Bay,Total,ASV,BIL_ST9,BIL_ST4,0.5090980103617865,12.416291018602198,2.645490611175981,5.01
Biloxi Bay,Total,ASV,BIL_ST6,BIL_ST5,0.3471349645321616,3.2773496337228654,1.085866668527017,0.6300000000000008
Biloxi Bay,Total,ASV,BIL_ST7,BIL_ST5,0.359112372709618,6.357932819440825,1.4455313205428908,1.950000000000001
Biloxi Bay,Total,ASV,BIL_ST8,BIL_ST5,0.3895226507200319,10.149287020235441,1.774994858676821,3.299999999999999
Biloxi Bay,Total,ASV,BIL_ST9,BIL_ST5,0.4168336821585211,10.834132111193693,1.7536697751043786,3.24
Biloxi Bay,Total,ASV,BIL_ST7,BIL_ST6,0.3749680151732461,3.0982937176586067,2.0431769336576417,1.3200000000000003
Biloxi Bay,Total,ASV,BIL_ST8,BIL_ST6,0.4216635351070495,6.8745306469883785,2.083756514099894,2.669999999999998
Biloxi Bay,Total,ASV,BIL_ST9,BIL_ST6,0.42391879554508255,7.576026675275992,2.0191635344139076,2.6099999999999994
Biloxi Bay,Total,ASV,BIL_ST8,BIL_ST7,0.3370661431357266,3.8843483136620143,0.6367399576389234,1.3499999999999979
Biloxi Bay,Total,ASV,BIL_ST9,BIL_ST7,0.3524943411957613,4.675918759007039,0.7182341439438349,1.2899999999999991
Biloxi Bay,Total,ASV,BIL_ST9,BIL_ST8,0.34761179834852685,0.9148611791020995,0.18549897319492195,0.05999999999999872
Pascagoula Bay,Abundant,ASV,PAS_ST10,PAS_ST1,0.7595239946578688,18.83498911202305,5.61549745263697,27.96
Pascagoula Bay,Abundant,ASV,PAS_ST2,PAS_ST1,0.2225428547784432,1.6487857095222387,1.4639684775966948,1.02
Pascagoula Bay,Abundant,ASV,PAS_ST3,PAS_ST1,0.3872218163108316,2.4784731959616755,1.37516654431778,2.5700000000000003
Pascagoula Bay,Abundant,ASV,PAS_ST4,PAS_ST1,0.3735984865882679,4.521621397524145,1.2329364232636775,4.2299999999999995
Pascagoula Bay,Abundant,ASV,PAS_ST5,PAS_ST1,0.3808985063178665,6.343373606301324,2.952855671416718,9.25
Pascagoula Bay,Abundant,ASV,PAS_ST6,PAS_ST1,0.45670246968133565,8.31230082707847,2.2157349602514578,9.43
Pascagoula Bay,Abundant,ASV,PAS_ST7,PAS_ST1,0.40854396914468855,9.99099167278161,2.777957666724889,11.459999999999999
Pascagoula Bay,Abundant,ASV,PAS_ST8,PAS_ST1,0.4273767592691876,11.661480240746295,3.9351850240613353,16.450000000000003
Pascagoula Bay,Abundant,ASV,PAS_ST9,PAS_ST1,0.4462451516543577,16.03145161203588,5.984358378282292,26.770000000000003
Pascagoula Bay,Abundant,ASV,PAS_ST2,PAS_ST10,0.7974748627105823,18.230328080143494,6.046038324626389,26.939999999999998
Pascagoula Bay,Abundant,ASV,PAS_ST3,PAS_ST10,0.8253759306417338,16.532529913886325,5.585481264493113,25.39
Pascagoula Bay,Abundant,ASV,PAS_ST4,PAS_ST10,0.7683116617354315,14.482124024378336,5.0630430294445805,23.73
Pascagoula Bay,Abundant,ASV,PAS_ST5,PAS_ST10,0.707413313828363,12.52027859400925,4.923605519685613,18.71
Pascagoula Bay,Abundant,ASV,PAS_ST6,PAS_ST10,0.7453841954009123,10.522986794213507,3.8461401058438853,18.53
Pascagoula Bay,Abundant,ASV,PAS_ST7,PAS_ST10,0.7018457537272448,8.84567452096884,3.765174040758481,16.5
Pascagoula Bay,Abundant,ASV,PAS_ST8,PAS_ST10,0.6934805485988296,7.20505081042639,3.3392634031041726,11.509999999999998
Pascagoula Bay,Abundant,ASV,PAS_ST9,PAS_ST10,0.621070509645222,2.8205832400433457,1.2727339671184181,1.1899999999999977
Pascagoula Bay,Abundant,ASV,PAS_ST3,PAS_ST2,0.17638807496763323,1.7800643980636879,0.5331449553636911,1.5500000000000003
Pascagoula Bay,Abundant,ASV,PAS_ST4,PAS_ST2,0.14936051345532164,3.7508616307215155,1.0996697429811066,3.21
Pascagoula Bay,Abundant,ASV,PAS_ST5,PAS_ST2,0.1484331452186407,5.747869712847235,2.148092794718697,8.23
Pascagoula Bay,Abundant,ASV,PAS_ST6,PAS_ST2,0.23632317643690315,7.782265219205101,2.2994693636050485,8.41
Pascagoula Bay,Abundant,ASV,PAS_ST7,PAS_ST2,0.18081230672736096,9.465058968387872,2.5905548064167028,10.44
Pascagoula Bay,Abundant,ASV,PAS_ST8,PAS_ST2,0.20323559666467655,11.169735572048415,3.6980878873936436,15.430000000000001
Pascagoula Bay,Abundant,ASV,PAS_ST9,PAS_ST2,0.5085483051730314,15.410324611950285,6.441608826558543,25.75
Pascagoula Bay,Abundant,ASV,PAS_ST4,PAS_ST3,0.0949139274857041,2.0787849384595085,0.6139513273276159,1.6599999999999997
Pascagoula Bay,Abundant,ASV,PAS_ST5,PAS_ST3,0.1768617507594515,4.016451538823597,1.9220681438860823,6.68
Pascagoula Bay,Abundant,ASV,PAS_ST6,PAS_ST3,0.10193754129697816,6.041409533456225,1.805130683190165,6.859999999999999
Pascagoula Bay,Abundant,ASV,PAS_ST7,PAS_ST3,0.16009628183888458,7.728381327382684,2.1550580186593353,8.889999999999999
Pascagoula Bay,Abundant,ASV,PAS_ST8,PAS_ST3,0.13399779262575348,9.427515714724043,3.3119893782358685,13.88
Pascagoula Bay,Abundant,ASV,PAS_ST9,PAS_ST3,0.5668958752376679,13.716103762388908,5.938814304245224,24.200000000000003
Pascagoula Bay,Abundant,ASV,PAS_ST5,PAS_ST4,0.09233250429561322,2.0173018089180395,2.016294743782462,5.0200000000000005
Pascagoula Bay,Abundant,ASV,PAS_ST6,PAS_ST4,0.09519690959949169,4.049982585776658,1.3423827952606924,5.2
Pascagoula Bay,Abundant,ASV,PAS_ST7,PAS_ST4,0.07699955640168786,5.724302892892033,1.8580872350082969,7.2299999999999995
Pascagoula Bay,Abundant,ASV,PAS_ST8,PAS_ST4,0.06649612271418794,7.431568036820559,3.069042340591927,12.220000000000002
Pascagoula Bay,Abundant,ASV,PAS_ST9,PAS_ST4,0.5124441564773032,11.662848798176336,5.404141882905121,22.540000000000003
Pascagoula Bay,Abundant,ASV,PAS_ST6,PAS_ST5,0.1103555618075778,2.0355511784019296,1.7835267192020519,0.17999999999999972
Pascagoula Bay,Abundant,ASV,PAS_ST7,PAS_ST5,0.04028943204814975,3.7173316862409687,1.3158932324515409,2.209999999999999
Pascagoula Bay,Abundant,ASV,PAS_ST8,PAS_ST5,0.07598559240380101,5.42205224837802,1.8728804557109562,7.200000000000001
Pascagoula Bay,Abundant,ASV,PAS_ST9,PAS_ST5,0.4608829919083805,9.706737287991336,5.364569689754842,17.520000000000003
Pascagoula Bay,Abundant,ASV,PAS_ST7,PAS_ST6,0.08439412396968486,1.6874946795627521,0.7694385022773123,2.0299999999999994
Pascagoula Bay,Abundant,ASV,PAS_ST8,PAS_ST6,0.07438495989306898,3.387746989574833,1.9254320555549262,7.020000000000001
Pascagoula Bay,Abundant,ASV,PAS_ST9,PAS_ST6,0.5073294499505087,7.7202890446840176,4.159336745593689,17.340000000000003
Pascagoula Bay,Abundant,ASV,PAS_ST8,PAS_ST7,0.04638220954782243,1.7077887342333398,1.2215704587390237,4.990000000000002
Pascagoula Bay,Abundant,ASV,PAS_ST9,PAS_ST7,0.4684419125813634,6.052678774123521,4.133873109705715,15.310000000000002
Pascagoula Bay,Abundant,ASV,PAS_ST9,PAS_ST8,0.46302735487593755,4.454729154680222,3.7532479419613582,10.32
Pascagoula Bay,CRT,ASV,PAS_ST10,PAS_ST1,0.9126224442732958,18.83498911202305,5.61549745263697,27.96
Pascagoula Bay,CRT,ASV,PAS_ST2,PAS_ST1,0.2707687704828126,1.6487857095222387,1.4639684775966948,1.02
Pascagoula Bay,CRT,ASV,PAS_ST3,PAS_ST1,0.3751752893836286,2.4784731959616755,1.37516654431778,2.5700000000000003
Pascagoula Bay,CRT,ASV,PAS_ST4,PAS_ST1,0.5056213003015471,4.521621397524145,1.2329364232636775,4.2299999999999995
Pascagoula Bay,CRT,ASV,PAS_ST5,PAS_ST1,0.6871420683994136,6.343373606301324,2.952855671416718,9.25
Pascagoula Bay,CRT,ASV,PAS_ST6,PAS_ST1,0.7080911061069567,8.31230082707847,2.2157349602514578,9.43
Pascagoula Bay,CRT,ASV,PAS_ST7,PAS_ST1,0.6988243895915917,9.99099167278161,2.777957666724889,11.459999999999999
Pascagoula Bay,CRT,ASV,PAS_ST8,PAS_ST1,0.7050060599653184,11.661480240746295,3.9351850240613353,16.450000000000003
Pascagoula Bay,CRT,ASV,PAS_ST9,PAS_ST1,0.8675212776894479,16.03145161203588,5.984358378282292,26.770000000000003
Pascagoula Bay,CRT,ASV,PAS_ST2,PAS_ST10,0.8640241803662526,18.230328080143494,6.046038324626389,26.939999999999998
Pascagoula Bay,CRT,ASV,PAS_ST3,PAS_ST10,0.8035218156638915,16.532529913886325,5.585481264493113,25.39
Pascagoula Bay,CRT,ASV,PAS_ST4,PAS_ST10,0.6983609033041619,14.482124024378336,5.0630430294445805,23.73
Pascagoula Bay,CRT,ASV,PAS_ST5,PAS_ST10,0.6056403519858732,12.52027859400925,4.923605519685613,18.71
Pascagoula Bay,CRT,ASV,PAS_ST6,PAS_ST10,0.6051634086497233,10.522986794213507,3.8461401058438853,18.53
Pascagoula Bay,CRT,ASV,PAS_ST7,PAS_ST10,0.5746527839869511,8.84567452096884,3.765174040758481,16.5
Pascagoula Bay,CRT,ASV,PAS_ST8,PAS_ST10,0.5676173666008886,7.20505081042639,3.3392634031041726,11.509999999999998
Pascagoula Bay,CRT,ASV,PAS_ST9,PAS_ST10,0.5000989398403529,2.8205832400433457,1.2727339671184181,1.1899999999999977
Pascagoula Bay,CRT,ASV,PAS_ST3,PAS_ST2,0.2692539595231463,1.7800643980636879,0.5331449553636911,1.5500000000000003
Pascagoula Bay,CRT,ASV,PAS_ST4,PAS_ST2,0.4117454869309782,3.7508616307215155,1.0996697429811066,3.21
Pascagoula Bay,CRT,ASV,PAS_ST5,PAS_ST2,0.6001832731043043,5.747869712847235,2.148092794718697,8.23
Pascagoula Bay,CRT,ASV,PAS_ST6,PAS_ST2,0.6128452693990926,7.782265219205101,2.2994693636050485,8.41
Pascagoula Bay,CRT,ASV,PAS_ST7,PAS_ST2,0.6066911279292958,9.465058968387872,2.5905548064167028,10.44
Pascagoula Bay,CRT,ASV,PAS_ST8,PAS_ST2,0.624748815075336,11.169735572048415,3.6980878873936436,15.430000000000001
Pascagoula Bay,CRT,ASV,PAS_ST9,PAS_ST2,0.8130474612747907,15.410324611950285,6.441608826558543,25.75
Pascagoula Bay,CRT,ASV,PAS_ST4,PAS_ST3,0.3198227615027577,2.0787849384595085,0.6139513273276159,1.6599999999999997
Pascagoula Bay,CRT,ASV,PAS_ST5,PAS_ST3,0.5195887218358627,4.016451538823597,1.9220681438860823,6.68
Pascagoula Bay,CRT,ASV,PAS_ST6,PAS_ST3,0.52910814490635,6.041409533456225,1.805130683190165,6.859999999999999
Pascagoula Bay,CRT,ASV,PAS_ST7,PAS_ST3,0.5158637190762217,7.728381327382684,2.1550580186593353,8.889999999999999
Pascagoula Bay,CRT,ASV,PAS_ST8,PAS_ST3,0.5445663883439473,9.427515714724043,3.3119893782358685,13.88
Pascagoula Bay,CRT,ASV,PAS_ST9,PAS_ST3,0.7499266589419559,13.716103762388908,5.938814304245224,24.200000000000003
Pascagoula Bay,CRT,ASV,PAS_ST5,PAS_ST4,0.40506263045267893,2.0173018089180395,2.016294743782462,5.0200000000000005
Pascagoula Bay,CRT,ASV,PAS_ST6,PAS_ST4,0.4134119652980665,4.049982585776658,1.3423827952606924,5.2
Pascagoula Bay,CRT,ASV,PAS_ST7,PAS_ST4,0.4039439095484111,5.724302892892033,1.8580872350082969,7.2299999999999995
Pascagoula Bay,CRT,ASV,PAS_ST8,PAS_ST4,0.44040676689908204,7.431568036820559,3.069042340591927,12.220000000000002
Pascagoula Bay,CRT,ASV,PAS_ST9,PAS_ST4,0.642766208712664,11.662848798176336,5.404141882905121,22.540000000000003
Pascagoula Bay,CRT,ASV,PAS_ST6,PAS_ST5,0.2810483809627107,2.0355511784019296,1.7835267192020519,0.17999999999999972
Pascagoula Bay,CRT,ASV,PAS_ST7,PAS_ST5,0.2509525712703884,3.7173316862409687,1.3158932324515409,2.209999999999999
Pascagoula Bay,CRT,ASV,PAS_ST8,PAS_ST5,0.2969941816789684,5.42205224837802,1.8728804557109562,7.200000000000001
Pascagoula Bay,CRT,ASV,PAS_ST9,PAS_ST5,0.5585796894305481,9.706737287991336,5.364569689754842,17.520000000000003
Pascagoula Bay,CRT,ASV,PAS_ST7,PAS_ST6,0.2676474567068549,1.6874946795627521,0.7694385022773123,2.0299999999999994
Pascagoula Bay,CRT,ASV,PAS_ST8,PAS_ST6,0.2883596229752039,3.387746989574833,1.9254320555549262,7.020000000000001
Pascagoula Bay,CRT,ASV,PAS_ST9,PAS_ST6,0.5493231446385402,7.7202890446840176,4.159336745593689,17.340000000000003
Pascagoula Bay,CRT,ASV,PAS_ST8,PAS_ST7,0.2428735016359625,1.7077887342333398,1.2215704587390237,4.990000000000002
Pascagoula Bay,CRT,ASV,PAS_ST9,PAS_ST7,0.534494248854133,6.052678774123521,4.133873109705715,15.310000000000002
Pascagoula Bay,CRT,ASV,PAS_ST9,PAS_ST8,0.5260747166057254,4.454729154680222,3.7532479419613582,10.32
Pascagoula Bay,Rare,ASV,PAS_ST10,PAS_ST1,0.9885675181803879,18.83498911202305,5.61549745263697,27.96
Pascagoula Bay,Rare,ASV,PAS_ST2,PAS_ST1,0.644091485450694,1.6487857095222387,1.4639684775966948,1.02
Pascagoula Bay,Rare,ASV,PAS_ST3,PAS_ST1,0.6738046189761016,2.4784731959616755,1.37516654431778,2.5700000000000003
Pascagoula Bay,Rare,ASV,PAS_ST4,PAS_ST1,0.7348962228097816,4.521621397524145,1.2329364232636775,4.2299999999999995
Pascagoula Bay,Rare,ASV,PAS_ST5,PAS_ST1,0.8578566775527696,6.343373606301324,2.952855671416718,9.25
Pascagoula Bay,Rare,ASV,PAS_ST6,PAS_ST1,0.8777702656740928,8.31230082707847,2.2157349602514578,9.43
Pascagoula Bay,Rare,ASV,PAS_ST7,PAS_ST1,0.8718398627955974,9.99099167278161,2.777957666724889,11.459999999999999
Pascagoula Bay,Rare,ASV,PAS_ST8,PAS_ST1,0.8772489495278032,11.661480240746295,3.9351850240613353,16.450000000000003
Pascagoula Bay,Rare,ASV,PAS_ST9,PAS_ST1,0.9595003299406119,16.03145161203588,5.984358378282292,26.770000000000003
Pascagoula Bay,Rare,ASV,PAS_ST2,PAS_ST10,0.9788320179135759,18.230328080143494,6.046038324626389,26.939999999999998
Pascagoula Bay,Rare,ASV,PAS_ST3,PAS_ST10,0.961475170286125,16.532529913886325,5.585481264493113,25.39
Pascagoula Bay,Rare,ASV,PAS_ST4,PAS_ST10,0.9144324712450796,14.482124024378336,5.0630430294445805,23.73
Pascagoula Bay,Rare,ASV,PAS_ST5,PAS_ST10,0.8463966027693614,12.52027859400925,4.923605519685613,18.71
Pascagoula Bay,Rare,ASV,PAS_ST6,PAS_ST10,0.8437431631335188,10.522986794213507,3.8461401058438853,18.53
Pascagoula Bay,Rare,ASV,PAS_ST7,PAS_ST10,0.8194687178146521,8.84567452096884,3.765174040758481,16.5
Pascagoula Bay,Rare,ASV,PAS_ST8,PAS_ST10,0.8343884015430386,7.20505081042639,3.3392634031041726,11.509999999999998
Pascagoula Bay,Rare,ASV,PAS_ST9,PAS_ST10,0.7575487409800142,2.8205832400433457,1.2727339671184181,1.1899999999999977
Pascagoula Bay,Rare,ASV,PAS_ST3,PAS_ST2,0.6526170667838406,1.7800643980636879,0.5331449553636911,1.5500000000000003
Pascagoula Bay,Rare,ASV,PAS_ST4,PAS_ST2,0.7166619157659079,3.7508616307215155,1.0996697429811066,3.21
Pascagoula Bay,Rare,ASV,PAS_ST5,PAS_ST2,0.8374821639870238,5.747869712847235,2.148092794718697,8.23
Pascagoula Bay,Rare,ASV,PAS_ST6,PAS_ST2,0.8506705372852584,7.782265219205101,2.2994693636050485,8.41
Pascagoula Bay,Rare,ASV,PAS_ST7,PAS_ST2,0.8344864535762591,9.465058968387872,2.5905548064167028,10.44
Pascagoula Bay,Rare,ASV,PAS_ST8,PAS_ST2,0.8467378292729872,11.169735572048415,3.6980878873936436,15.430000000000001
Pascagoula Bay,Rare,ASV,PAS_ST9,PAS_ST2,0.9409584913158235,15.410324611950285,6.441608826558543,25.75
Pascagoula Bay,Rare,ASV,PAS_ST4,PAS_ST3,0.679547406182724,2.0787849384595085,0.6139513273276159,1.6599999999999997
Pascagoula Bay,Rare,ASV,PAS_ST5,PAS_ST3,0.8022467906955898,4.016451538823597,1.9220681438860823,6.68
Pascagoula Bay,Rare,ASV,PAS_ST6,PAS_ST3,0.8198354205376314,6.041409533456225,1.805130683190165,6.859999999999999
Pascagoula Bay,Rare,ASV,PAS_ST7,PAS_ST3,0.7966259284121537,7.728381327382684,2.1550580186593353,8.889999999999999
Pascagoula Bay,Rare,ASV,PAS_ST8,PAS_ST3,0.8151616752906374,9.427515714724043,3.3119893782358685,13.88
Pascagoula Bay,Rare,ASV,PAS_ST9,PAS_ST3,0.921501629590182,13.716103762388908,5.938814304245224,24.200000000000003
Pascagoula Bay,Rare,ASV,PAS_ST5,PAS_ST4,0.7370593731178382,2.0173018089180395,2.016294743782462,5.0200000000000005
Pascagoula Bay,Rare,ASV,PAS_ST6,PAS_ST4,0.7594827067773616,4.049982585776658,1.3423827952606924,5.2
Pascagoula Bay,Rare,ASV,PAS_ST7,PAS_ST4,0.7510544099059843,5.724302892892033,1.8580872350082969,7.2299999999999995
Pascagoula Bay,Rare,ASV,PAS_ST8,PAS_ST4,0.7476923249501927,7.431568036820559,3.069042340591927,12.220000000000002
Pascagoula Bay,Rare,ASV,PAS_ST9,PAS_ST4,0.8657943614709329,11.662848798176336,5.404141882905121,22.540000000000003
Pascagoula Bay,Rare,ASV,PAS_ST6,PAS_ST5,0.6891232201655088,2.0355511784019296,1.7835267192020519,0.17999999999999972
Pascagoula Bay,Rare,ASV,PAS_ST7,PAS_ST5,0.6727346745073284,3.7173316862409687,1.3158932324515409,2.209999999999999
Pascagoula Bay,Rare,ASV,PAS_ST8,PAS_ST5,0.6958599946446362,5.42205224837802,1.8728804557109562,7.200000000000001
Pascagoula Bay,Rare,ASV,PAS_ST9,PAS_ST5,0.797484842260188,9.706737287991336,5.364569689754842,17.520000000000003
Pascagoula Bay,Rare,ASV,PAS_ST7,PAS_ST6,0.6761275211279876,1.6874946795627521,0.7694385022773123,2.0299999999999994
Pascagoula Bay,Rare,ASV,PAS_ST8,PAS_ST6,0.6893501395057936,3.387746989574833,1.9254320555549262,7.020000000000001
Pascagoula Bay,Rare,ASV,PAS_ST9,PAS_ST6,0.7854941183049714,7.7202890446840176,4.159336745593689,17.340000000000003
Pascagoula Bay,Rare,ASV,PAS_ST8,PAS_ST7,0.6638745374237831,1.7077887342333398,1.2215704587390237,4.990000000000002
Pascagoula Bay,Rare,ASV,PAS_ST9,PAS_ST7,0.7669034493287822,6.052678774123521,4.133873109705715,15.310000000000002
Pascagoula Bay,Rare,ASV,PAS_ST9,PAS_ST8,0.786883076212616,4.454729154680222,3.7532479419613582,10.32
Pascagoula Bay,Total,ASV,PAS_ST10,PAS_ST1,0.934827091784047,18.83498911202305,5.61549745263697,27.96
Pascagoula Bay,Total,ASV,PAS_ST2,PAS_ST1,0.46809311568113104,1.6487857095222387,1.4639684775966948,1.02
Pascagoula Bay,Total,ASV,PAS_ST3,PAS_ST1,0.5315481311153977,2.4784731959616755,1.37516654431778,2.5700000000000003
Pascagoula Bay,Total,ASV,PAS_ST4,PAS_ST1,0.5970375283421726,4.521621397524145,1.2329364232636775,4.2299999999999995
Pascagoula Bay,Total,ASV,PAS_ST5,PAS_ST1,0.7187575568725351,6.343373606301324,2.952855671416718,9.25
Pascagoula Bay,Total,ASV,PAS_ST6,PAS_ST1,0.7409236683249117,8.31230082707847,2.2157349602514578,9.43
Pascagoula Bay,Total,ASV,PAS_ST7,PAS_ST1,0.7310413760123827,9.99099167278161,2.777957666724889,11.459999999999999
Pascagoula Bay,Total,ASV,PAS_ST8,PAS_ST1,0.734061232826969,11.661480240746295,3.9351850240613353,16.450000000000003
Pascagoula Bay,Total,ASV,PAS_ST9,PAS_ST1,0.8283531777642777,16.03145161203588,5.984358378282292,26.770000000000003
Pascagoula Bay,Total,ASV,PAS_ST2,PAS_ST10,0.9126022338343759,18.230328080143494,6.046038324626389,26.939999999999998
Pascagoula Bay,Total,ASV,PAS_ST3,PAS_ST10,0.8827910134577804,16.532529913886325,5.585481264493113,25.39
Pascagoula Bay,Total,ASV,PAS_ST4,PAS_ST10,0.8095659639508167,14.482124024378336,5.0630430294445805,23.73
Pascagoula Bay,Total,ASV,PAS_ST5,PAS_ST10,0.7292860529559283,12.52027859400925,4.923605519685613,18.71
Pascagoula Bay,Total,ASV,PAS_ST6,PAS_ST10,0.7343569898893519,10.522986794213507,3.8461401058438853,18.53
Pascagoula Bay,Total,ASV,PAS_ST7,PAS_ST10,0.7040637597716743,8.84567452096884,3.765174040758481,16.5
Pascagoula Bay,Total,ASV,PAS_ST8,PAS_ST10,0.701808382943009,7.20505081042639,3.3392634031041726,11.509999999999998
Pascagoula Bay,Total,ASV,PAS_ST9,PAS_ST10,0.6166143643044839,2.8205832400433457,1.2727339671184181,1.1899999999999977
Pascagoula Bay,Total,ASV,PAS_ST3,PAS_ST2,0.43828728811188516,1.7800643980636879,0.5331449553636911,1.5500000000000003
Pascagoula Bay,Total,ASV,PAS_ST4,PAS_ST2,0.5034476931205061,3.7508616307215155,1.0996697429811066,3.21
Pascagoula Bay,Total,ASV,PAS_ST5,PAS_ST2,0.6207805696056204,5.747869712847235,2.148092794718697,8.23
Pascagoula Bay,Total,ASV,PAS_ST6,PAS_ST2,0.6375933017316844,7.782265219205101,2.2994693636050485,8.41
Pascagoula Bay,Total,ASV,PAS_ST7,PAS_ST2,0.6234490367873989,9.465058968387872,2.5905548064167028,10.44
Pascagoula Bay,Total,ASV,PAS_ST8,PAS_ST2,0.6329298586893248,11.169735572048415,3.6980878873936436,15.430000000000001
Pascagoula Bay,Total,ASV,PAS_ST9,PAS_ST2,0.797810119572442,15.410324611950285,6.441608826558543,25.75
Pascagoula Bay,Total,ASV,PAS_ST4,PAS_ST3,0.4262685311398908,2.0787849384595085,0.6139513273276159,1.6599999999999997
Pascagoula Bay,Total,ASV,PAS_ST5,PAS_ST3,0.5623137974529352,4.016451538823597,1.9220681438860823,6.68
Pascagoula Bay,Total,ASV,PAS_ST6,PAS_ST3,0.543117512455164,6.041409533456225,1.805130683190165,6.859999999999999
Pascagoula Bay,Total,ASV,PAS_ST7,PAS_ST3,0.5505356079703829,7.728381327382684,2.1550580186593353,8.889999999999999
Pascagoula Bay,Total,ASV,PAS_ST8,PAS_ST3,0.5540771821337008,9.427515714724043,3.3119893782358685,13.88
Pascagoula Bay,Total,ASV,PAS_ST9,PAS_ST3,0.7659011477189334,13.716103762388908,5.938814304245224,24.200000000000003
Pascagoula Bay,Total,ASV,PAS_ST5,PAS_ST4,0.4750799575701431,2.0173018089180395,2.016294743782462,5.0200000000000005
Pascagoula Bay,Total,ASV,PAS_ST6,PAS_ST4,0.4771468715586538,4.049982585776658,1.3423827952606924,5.2
Pascagoula Bay,Total,ASV,PAS_ST7,PAS_ST4,0.4728535437715048,5.724302892892033,1.8580872350082969,7.2299999999999995
Pascagoula Bay,Total,ASV,PAS_ST8,PAS_ST4,0.47416881998932553,7.431568036820559,3.069042340591927,12.220000000000002
Pascagoula Bay,Total,ASV,PAS_ST9,PAS_ST4,0.6882351269899453,11.662848798176336,5.404141882905121,22.540000000000003
Pascagoula Bay,Total,ASV,PAS_ST6,PAS_ST5,0.4005171505633457,2.0355511784019296,1.7835267192020519,0.17999999999999972
Pascagoula Bay,Total,ASV,PAS_ST7,PAS_ST5,0.37227157834636815,3.7173316862409687,1.3158932324515409,2.209999999999999
Pascagoula Bay,Total,ASV,PAS_ST8,PAS_ST5,0.3977288984723863,5.42205224837802,1.8728804557109562,7.200000000000001
Pascagoula Bay,Total,ASV,PAS_ST9,PAS_ST5,0.6143611113238473,9.706737287991336,5.364569689754842,17.520000000000003
Pascagoula Bay,Total,ASV,PAS_ST7,PAS_ST6,0.38097285158800337,1.6874946795627521,0.7694385022773123,2.0299999999999994
Pascagoula Bay,Total,ASV,PAS_ST8,PAS_ST6,0.3821980462190828,3.387746989574833,1.9254320555549262,7.020000000000001
Pascagoula Bay,Total,ASV,PAS_ST9,PAS_ST6,0.6130608242948264,7.7202890446840176,4.159336745593689,17.340000000000003
Pascagoula Bay,Total,ASV,PAS_ST8,PAS_ST7,0.3537913068939789,1.7077887342333398,1.2215704587390237,4.990000000000002
Pascagoula Bay,Total,ASV,PAS_ST9,PAS_ST7,0.593609278511834,6.052678774123521,4.133873109705715,15.310000000000002
Pascagoula Bay,Total,ASV,PAS_ST9,PAS_ST8,0.5893642336592898,4.454729154680222,3.7532479419613582,10.32
