Location,Subcommunity,TaxRank,Slope,R2,Spearman_rho,Spearman_p,Mantel_r,Mantel_p,Mantel_q
Biloxi Bay,Abundant,ASV,0.011827248617723427,0.013900902138153023,0.2926640926640927,0.08324380888145054,0.2926640926640927,0.0498,0.07469999999999999
Biloxi Bay,Abundant,Class,0.014499428355336196,0.30914964969716496,0.615958815958816,6.356661078552535e-5,0.615958815958816,0.0041,0.0082
Biloxi Bay,Abundant,Family,0.010341556534920629,0.012636231218939363,0.23268983268983273,0.17203366560320363,0.23268983268983273,0.0863,0.10356
Biloxi Bay,Abundant,Genus,0.010580265028894593,0.012240333758447148,0.2424710424710425,0.15420144921371468,0.2424710424710425,0.0774,0.09608275862068966
Biloxi Bay,Abundant,Order,0.026418086678905224,0.3221488975298493,0.7225225225225227,6.506991084655121e-7,0.7225225225225227,6e-4,0.0013499999999999999
Biloxi Bay,Abundant,Phylum,0.014630439575485418,0.31331483302236657,0.6064350064350066,8.838451426335213e-5,0.6064350064350066,0.0049,0.009284210526315789
Biloxi Bay,CRT,ASV,0.008128020066281614,0.023390210356041538,0.26151866151866154,0.12339276156302657,0.26151866151866154,0.074,0.09514285714285714
Biloxi Bay,CRT,Class,-0.0012020108610152668,0.0030935957461905046,-0.02110682110682111,0.9027525031814105,-0.02110682110682111,0.4999,0.514182857142857
Biloxi Bay,CRT,Family,0.0030407807836540057,0.0055505194762795855,0.18275418275418276,0.2860423833751729,0.18275418275418276,0.1368,0.14923636363636364
Biloxi Bay,CRT,Genus,0.002876391076402275,0.0032479628651061855,0.15341055341055343,0.37170580662178343,0.15341055341055343,0.1725,0.1826470588235294
Biloxi Bay,CRT,Order,0.003424505730636608,0.00999307926966488,0.1948519948519949,0.25478285330493755,0.1948519948519949,0.1313,0.1477125
Biloxi Bay,CRT,Phylum,-0.0018158736437154119,0.007675915359064091,-0.09626769626769627,0.57648842987052,-0.09626769626769627,0.6725,0.6725
Biloxi Bay,Rare,ASV,0.004669328362877326,0.02254628576321015,0.27722007722007724,0.10165539622965471,0.27722007722007724,0.07,0.09514285714285714
Biloxi Bay,Rare,Class,0.004093481680555838,0.13038156985409174,0.4607464607464608,0.00468525505676048,0.4607464607464608,0.0132,0.0216
Biloxi Bay,Rare,Family,0.005185473153125488,0.024419777515176936,0.25431145431145435,0.13445821630201577,0.25431145431145435,0.0729,0.09514285714285714
Biloxi Bay,Rare,Genus,0.005539469810547735,0.012798422524008974,0.22548262548262551,0.18608395106214304,0.22548262548262551,0.0969,0.11252903225806453
Biloxi Bay,Rare,Order,0.00368914250815535,0.02572201307059148,0.26203346203346206,0.1226291854537603,0.26203346203346206,0.0664,0.09514285714285714
Biloxi Bay,Rare,Phylum,0.00417425360663102,0.12014914197071576,0.4360360360360361,0.00785138858112628,0.4360360360360361,0.0232,0.03631304347826087
Pascagoula Bay,Abundant,ASV,0.03610523986862608,0.48625194370550184,0.6832674571805005,2.3166051218780356e-7,0.6832674571805005,1e-4,2.5714285714285715e-4
Pascagoula Bay,Abundant,Class,0.014781973999998574,0.25091533711131137,0.5238471673254281,2.216181392764649e-4,0.5238471673254281,0.0066,0.01188
Pascagoula Bay,Abundant,Family,0.046897988288001874,0.7203171472471304,0.8723320158102765,5.970503545304786e-15,0.8723320158102765,1e-4,2.5714285714285715e-4
Pascagoula Bay,Abundant,Genus,0.04992158482418983,0.7322460708193745,0.8704874835309616,7.972863942552711e-15,0.8704874835309616,1e-4,2.5714285714285715e-4
Pascagoula Bay,Abundant,Order,0.026072392884504556,0.36874046949405886,0.5797101449275361,3.0046560571647054e-5,0.5797101449275361,0.0019,0.004023529411764706
Pascagoula Bay,Abundant,Phylum,0.014163911409876197,0.22408548389322788,0.4707509881422924,0.0011003638843939867,0.4707509881422924,0.0121,0.020742857142857143
Pascagoula Bay,CRT,ASV,0.033913187546747714,0.8135065443998568,0.920026350461133,4.18417422561644e-19,0.920026350461133,1e-4,2.5714285714285715e-4
Pascagoula Bay,CRT,Class,0.012890194721713762,0.7280596069713524,0.840052700922266,5.417373591888029e-13,0.840052700922266,1e-4,2.5714285714285715e-4
Pascagoula Bay,CRT,Family,0.031846057242458654,0.8676964915315497,0.9245059288537547,1.2680473106678088e-19,0.9245059288537547,1e-4,2.5714285714285715e-4
Pascagoula Bay,CRT,Genus,0.034350687571535164,0.7998214410415171,0.8957839262187087,9.686968996463261e-17,0.8957839262187087,1e-4,2.5714285714285715e-4
Pascagoula Bay,CRT,Order,0.023303539976369258,0.791321659185302,0.8599472990777337,3.840621153117286e-14,0.8599472990777337,1e-4,2.5714285714285715e-4
Pascagoula Bay,CRT,Phylum,0.011849443542244513,0.6302599641699449,0.775494071146245,3.96896410355976e-10,0.775494071146245,1e-4,2.5714285714285715e-4
Pascagoula Bay,Rare,ASV,0.018093591414356142,0.8549050299691006,0.9171277997364953,8.73443274174567e-19,0.9171277997364953,1e-4,2.5714285714285715e-4
Pascagoula Bay,Rare,Class,0.011969035723794659,0.4145798167125476,0.7108036890645585,4.4809945976286755e-8,0.7108036890645585,1e-4,2.5714285714285715e-4
Pascagoula Bay,Rare,Family,0.029476707398548213,0.8374862880282451,0.9220026350461131,2.4928239516184417e-19,0.9220026350461131,1e-4,2.5714285714285715e-4
Pascagoula Bay,Rare,Genus,0.0349905216503182,0.8420846861901538,0.9179183135704874,7.1652841157944e-19,0.9179183135704874,1e-4,2.5714285714285715e-4
Pascagoula Bay,Rare,Order,0.019944589276964804,0.7377076394607033,0.8747035573122528,4.089194084860236e-15,0.8747035573122528,1e-4,2.5714285714285715e-4
Pascagoula Bay,Rare,Phylum,0.011883479229320187,0.3902372413634661,0.687220026350461,1.8501372964804835e-7,0.687220026350461,2e-4,4.8e-4
